date,forecast_date,actual_anomaly_C,actual_forecast_anomaly_C,predicted_anomaly_C,predicted_temperature_C,extreme_heat_risk
2023-01-01,2023-01-02,0.6114699935483827,0.2950889550868432,0.4479889261691545,29.959645548005387,False
2023-01-02,2023-01-03,0.2950889550868432,-0.4140120449131537,0.19510023119877706,29.706756853035007,False
2023-01-03,2023-01-04,-0.4140120449131537,-3.049157506451614,-0.4838976563982492,29.027758965437982,False
2023-01-04,2023-01-05,-3.049157506451614,-3.139416852605464,-3.1000783075336136,26.411578314302616,False
2023-01-05,2023-01-06,-3.139416852605464,-1.4456554679900755,-2.6698762914129928,26.841780330423237,False
2023-01-06,2023-01-07,-1.4456554679900755,-1.3000262756823844,-0.8795902333354059,28.632066388500824,False
2023-01-07,2023-01-08,-1.3000262756823844,-0.8646826602977704,-1.0644284239123443,28.447228197923888,False
2023-01-08,2023-01-09,-0.8646826602977704,0.05416707047146119,-0.6378883759060485,28.873768245930183,False
2023-01-09,2023-01-10,0.05416707047146119,0.8474013012406942,0.23690110910646206,29.748557730942693,False
2023-01-10,2023-01-11,0.8474013012406942,1.396636147394542,0.88398498156766,30.39564160340389,False
2023-01-11,2023-01-12,1.396636147394542,0.7788536473945378,1.3007626751668862,30.812419297003117,False
2023-01-12,2023-01-13,0.7788536473945378,-0.012301891067000525,0.5449776766049521,30.056634298441182,False
2023-01-13,2023-01-14,-0.012301891067000525,-0.7048827372208457,-0.15987244066762685,29.351784181168604,False
2023-01-14,2023-01-15,-0.7048827372208457,-0.607253198759306,-0.7270581891239813,28.78459843271225,False
2023-01-15,2023-01-16,-0.607253198759306,0.22433149354838378,-0.4870105033084536,29.024646118527777,False
2023-01-16,2023-01-17,0.22433149354838378,0.24256460893299803,0.36370430006653665,29.875360921902768,False
2023-01-17,2023-01-18,0.24256460893299803,0.548448147394538,0.21721768378418949,29.72887430562042,False
2023-01-18,2023-01-19,0.548448147394538,1.0619063781637692,0.5336575461064418,30.045314167942674,False
2023-01-19,2023-01-20,1.0619063781637692,0.8099131089329994,1.0100290278471051,30.521685649683334,False
2023-01-20,2023-01-21,0.8099131089329994,0.8498777627791547,0.644121062132578,30.155777683968807,False
2023-01-21,2023-01-22,0.8498777627791547,0.4806023397022301,0.7361101274007921,30.247766749237023,False
2023-01-22,2023-01-23,0.4806023397022301,0.2229480320099242,0.3417513947474023,29.853408016583632,False
2023-01-23,2023-01-24,0.2229480320099242,0.4709049166253081,0.14566876259239164,29.657325384428624,False
2023-01-24,2023-01-25,0.4709049166253081,0.3186422243176139,0.45642355044659305,29.968080172282825,False
2023-01-25,2023-01-26,0.3186422243176139,-0.03203616029776768,0.24773184327614323,29.759388465112373,False
2023-01-26,2023-01-27,-0.03203616029776768,0.8677974935483839,-0.0888956094864675,29.422761012349763,False
2023-01-27,2023-01-28,0.8677974935483839,1.9652904550868442,0.9224898582878125,30.434146480124042,False
2023-01-28,2023-01-29,1.9652904550868442,1.6884349550868478,1.8917296019281191,31.40338622376435,False
2023-01-29,2023-01-30,1.6884349550868478,0.8514567627791543,1.3835272281575952,30.895183849993828,False
2023-01-30,2023-01-31,0.8514567627791543,0.6643751473945372,0.5628519908557228,30.074508612691954,False
2023-01-31,2023-02-01,0.6643751473945372,-3.247185029491707,0.5337329657127974,33.211669572127576,False
2023-02-01,2023-02-02,-3.247185029491707,-2.6606052602609367,-3.5219928823552027,29.15594372405958,False
2023-02-02,2023-02-03,-2.6606052602609367,-1.9095515294917043,-2.1294315310421217,30.54850507537266,False
2023-02-03,2023-02-04,-1.9095515294917043,-1.125556798722478,-1.4603307440998095,31.217605862314972,False
2023-02-04,2023-02-05,-1.125556798722478,-0.35559283718401247,-0.7895073398868249,31.888429266527957,False
2023-02-05,2023-02-06,-0.35559283718401247,-0.17285079872247167,-0.13992386134774543,32.538012745067036,False
2023-02-06,2023-02-07,-0.17285079872247167,-0.3820162987224762,-0.10200339763574567,32.575933208779034,False
2023-02-07,2023-02-08,-0.3820162987224762,-0.41979702949170417,-0.3572529597603539,32.32068364665443,False
2023-02-08,2023-02-09,-0.41979702949170417,1.002230739739062,-0.35514185216895106,32.322794754245834,False
2023-02-09,2023-02-10,1.002230739739062,1.5379803166621429,1.140359656788323,33.8182962632031,False
2023-02-10,2023-02-11,1.5379803166621429,1.5412006628159816,1.4178362431796212,34.095772849594404,False
2023-02-11,2023-02-12,1.5412006628159816,0.5395506628159907,1.314540235321963,33.992476841736746,False
2023-02-12,2023-02-13,0.5395506628159907,-0.16065337564555193,0.2657938938916553,32.94373050030644,False
2023-02-13,2023-02-14,-0.16065337564555193,0.13987350896983486,-0.2674599511480276,32.410476655266756,False
2023-02-14,2023-02-15,0.13987350896983486,1.1524880089698328,0.18641293611810528,32.864349542532885,False
2023-02-15,2023-02-16,1.1524880089698328,1.9203898551236804,1.1861573744266471,33.86409398084143,False
2023-02-16,2023-02-17,1.9203898551236804,1.7910602397390676,1.7880657702491196,34.4660023766639,False
2023-02-17,2023-02-18,1.7910602397390676,1.3937215858929122,1.4998516749837307,34.17778828139851,False
2023-02-18,2023-02-19,1.3937215858929122,1.3431671243544443,1.1098340236652788,33.78777063008006,False
2023-02-19,2023-02-20,1.3431671243544443,2.1696479705082936,1.1360435334252938,33.813980139840076,False
2023-02-20,2023-02-21,2.1696479705082936,2.7790247782006006,2.0109206536368474,34.68885726005163,False
2023-02-21,2023-02-22,2.7790247782006006,2.330175816662141,2.4840103371756626,35.16194694359044,False
2023-02-22,2023-02-23,2.330175816662141,2.3455173551236825,1.8930197513696911,34.570956357784475,False
2023-02-23,2023-02-24,2.3455173551236825,2.3609321628159847,1.9984369361211076,34.67637354253589,False
2023-02-24,2023-02-25,2.3609321628159847,2.3983810858929075,2.0115122197699002,34.68944882618468,False
2023-02-25,2023-02-26,2.3983810858929075,2.76809393204676,2.0476289438776374,34.72556555029242,False
2023-02-26,2023-02-27,2.76809393204676,2.3982777012775287,2.4270326370697073,35.10496924348449,False
2023-02-27,2023-02-28,2.3982777012775287,1.9683734320467607,1.9664564000188085,34.64439300643359,False
2023-02-28,2023-03-01,1.9683734320467607,-1.0342790566997522,1.5902427570405582,37.326942852201846,False
2023-03-01,2023-03-02,-1.0342790566997522,-1.0368373643920634,-1.4660764144626306,34.27062368069866,False
2023-03-02,2023-03-03,-1.0368373643920634,-0.4494820566997504,-0.870936647789671,34.86576344737162,False
2023-03-03,2023-03-04,-0.4494820566997504,-0.20421663362282771,-0.2558312398337754,35.480868855327515,False
2023-03-04,2023-03-05,-0.20421663362282771,-1.2915189413151396,-0.11613095026141841,35.62056914489987,False
2023-03-05,2023-03-06,-1.2915189413151396,-1.097624172084366,-1.3026922955082076,34.43400779965308,False
2023-03-06,2023-03-07,-1.097624172084366,-4.715649018238214,-0.8833271804018843,34.853372914759404,False
2023-03-07,2023-03-08,-4.715649018238214,-2.0939322490074446,-4.7077548766561526,31.028945218505136,False
2023-03-08,2023-03-09,-2.0939322490074446,-1.2005374413151344,-1.2441113739069893,34.4925887212543,False
2023-03-09,2023-03-10,-1.2005374413151344,-1.3265159797766728,-0.831255981921628,34.90544411323966,False
2023-03-10,2023-03-11,-1.3265159797766728,-0.8032404413151326,-1.1409487546196841,34.595751340541604,False
2023-03-11,2023-03-12,-0.8032404413151326,-0.44221209516128823,-0.568322549623177,35.168377545538114,False
2023-03-12,2023-03-13,-0.44221209516128823,-0.08782124900744037,-0.2947323688825673,35.44196772627872,False
2023-03-13,2023-03-14,-0.08782124900744037,-0.6102631720843661,0.004215274305868261,35.74091536946716,False
2023-03-14,2023-03-15,-0.6102631720843661,-1.4055165566997516,-0.6130146777255236,35.123685417435766,False
2023-03-15,2023-03-16,-1.4055165566997516,-4.514986018238215,-1.3411346411160412,34.39556545404525,False
2023-03-16,2023-03-17,-4.514986018238215,-4.069729095161293,-4.436485189688548,31.300214905472743,False
2023-03-17,2023-03-18,-4.069729095161293,-4.558323556699751,-3.351494268578819,32.38520582658247,False
2023-03-18,2023-03-19,-4.558323556699751,-4.58814563362283,-3.9513980506062123,31.785302044555078,False
2023-03-19,2023-03-20,-4.58814563362283,-4.175070787468982,-3.8853259307629617,31.85137416439833,False
2023-03-20,2023-03-21,-4.175070787468982,-3.8870974028535947,-3.447155765179368,32.28954432998192,False
2023-03-21,2023-03-22,-3.8870974028535947,-2.837944518238217,-3.2280681970624667,32.50863189809882,False
2023-03-22,2023-03-23,-2.837944518238217,-2.0855179028535957,-2.18759141864649,33.5491086765148,False
2023-03-23,2023-03-24,-2.0855179028535957,-1.2518369413151333,-1.6091506278605723,34.12754946730072,False
2023-03-24,2023-03-25,-1.2518369413151333,-1.3070583643920557,-0.8866099482986733,34.85009014686261,False
2023-03-25,2023-03-26,-1.3070583643920557,-0.9573634028535949,-1.1103751852110724,34.62632490995022,False
2023-03-26,2023-03-27,-0.9573634028535949,-0.6002628259305212,-0.7334674647198737,35.00323263044142,False
2023-03-27,2023-03-28,-0.6002628259305212,-0.07822121054590525,-0.42942798318205133,35.30727211197924,False
2023-03-28,2023-03-29,-0.07822121054590525,0.8872065971464025,0.04572785087682722,35.78242794603812,False
2023-03-29,2023-03-30,0.8872065971464025,0.30635098176178843,0.951994398445319,36.68869449360661,False
2023-03-30,2023-03-31,0.30635098176178843,-1.3748215951612934,0.15198646330070475,35.88868655846199,False
2023-03-31,2023-04-01,-1.3748215951612934,-4.1121976241025635,-1.4915104909275239,37.41765890240581,False
2023-04-01,2023-04-02,-4.1121976241025635,-3.2401707779487197,-4.021127260855712,34.88804213247762,False
2023-04-02,2023-04-03,-3.2401707779487197,-2.9954338548717985,-2.5636557919391,36.34551360139424,False
2023-04-03,2023-04-04,-2.9954338548717985,-2.1552949317948773,-2.481185537395714,36.42798385593762,False
2023-04-04,2023-04-05,-2.1552949317948773,-1.9971843548717985,-1.6508082919932332,37.2583611013401,False
2023-04-05,2023-04-06,-1.9971843548717985,-1.679760547179491,-1.6526332327062054,37.25653616062713,False
2023-04-06,2023-04-07,-1.679760547179491,-3.54686662410257,-1.351966951167883,37.557202442165455,False
2023-04-07,2023-04-08,-3.54686662410257,-4.939233008717949,-3.3688647786872985,35.54030461464604,False
2023-04-08,2023-04-09,-4.939233008717949,-2.157638162564105,-4.454073507235344,34.45509588609799,False
2023-04-09,2023-04-10,-2.157638162564105,-1.336751393333337,-1.2662571575040515,37.642912235829286,False
2023-04-10,2023-04-11,-1.336751393333337,-0.4388547010256474,-0.9611037483935222,37.94806564493982,False
2023-04-11,2023-04-12,-0.4388547010256474,0.09823072205127659,-0.18499925569883618,38.7241701376345,False
2023-04-12,2023-04-13,0.09823072205127659,-0.08144804717949228,0.19822764164662027,39.107397034979954,False
2023-04-13,2023-04-14,-0.08144804717949228,-0.4020960087179546,-0.09671605900895479,38.81245333432438,False
2023-04-14,2023-04-15,-0.4020960087179546,-1.8298971625641087,-0.3964618810142358,38.5127075123191,False
2023-04-15,2023-04-16,-1.8298971625641087,-0.5578426625641058,-1.826642742845775,37.08252665048756,False
2023-04-16,2023-04-17,-0.5578426625641058,0.25380733743589445,-0.21132226642893975,38.6978471269044,False
2023-04-17,2023-04-18,0.25380733743589445,0.765781222051281,0.3847097436303522,39.29387913696369,False
2023-04-18,2023-04-19,0.765781222051281,0.9736122220512797,0.7588318524754484,39.66800124580878,False
2023-04-19,2023-04-20,0.9736122220512797,-0.3384620087179542,0.8743697161760866,39.78353910950942,False
2023-04-20,2023-04-21,-0.3384620087179542,-2.188143893333333,-0.5399351205885203,38.36923427274482,False
2023-04-21,2023-04-22,-2.188143893333333,-2.4027635087179533,-2.2141737643147503,36.694995629018585,False
2023-04-22,2023-04-23,-2.4027635087179533,-2.770417162564101,-2.070482499706941,36.838686893626395,False
2023-04-23,2023-04-24,-2.770417162564101,-2.0770357394871866,-2.4124574849617466,36.49671190837159,False
2023-04-24,2023-04-25,-2.0770357394871866,-2.0210575856410244,-1.613719513609616,37.29544987972372,False
2023-04-25,2023-04-26,-2.0210575856410244,-3.1026207779487223,-1.6931947803293408,37.21597461300399,False
2023-04-26,2023-04-27,-3.1026207779487223,-3.5508668933333354,-2.836064460145825,36.07310493318751,False
2023-04-27,2023-04-28,-3.5508668933333354,-4.9584008548717975,-3.089764498201176,35.81940489513216,False
2023-04-28,2023-04-29,-4.9584008548717975,-6.041118393333335,-4.473333893933456,34.43583549939988,False
2023-04-29,2023-04-30,-6.041118393333335,-6.764210316410264,-5.326031744008302,33.58313764932503,False
2023-04-30,2023-05-01,-6.764210316410264,-6.855601508188585,-5.867094743513875,33.736619187751636,False
2023-05-01,2023-05-02,-6.855601508188585,-6.381181046650127,-5.818759676003428,33.78495425526208,False
2023-05-02,2023-05-03,-6.381181046650127,-6.86171970049628,-5.304140590409593,34.299573340855915,False
2023-05-03,2023-05-04,-6.86171970049628,-5.748845546650124,-5.901421297122561,33.70229263414295,False
2023-05-04,2023-05-05,-5.748845546650124,-5.155604277419357,-4.641260109664286,34.96245382160122,False
2023-05-05,2023-05-06,-5.155604277419357,-3.4764641620347376,-4.242074130839537,35.361639800425976,False
2023-05-06,2023-05-07,-3.4764641620347376,-3.182709431265515,-2.6031698377058663,37.00054409355965,False
2023-05-07,2023-05-08,-3.182709431265515,-2.4897666620347394,-2.6301015868775033,36.97361234438801,False
2023-05-08,2023-05-09,-2.4897666620347394,-2.1782567389578205,-1.9635065150388527,37.64020741622666,False
2023-05-09,2023-05-10,-2.1782567389578205,-0.7913097389578141,-1.7755114576933295,37.82820247357218,False
2023-05-10,2023-05-11,-0.7913097389578141,0.2813490687344853,-0.38626016172578154,39.21745376953973,False
2023-05-11,2023-05-12,0.2813490687344853,0.5347149148883332,0.46001123312818165,40.063725164393695,False
2023-05-12,2023-05-13,0.5347149148883332,0.9571963379652644,0.5115655458214462,40.11527947708696,False
2023-05-13,2023-05-14,0.9571963379652644,0.4866670687344836,0.9031969110309358,40.50691084229645,False
2023-05-14,2023-05-15,0.4866670687344836,-0.3726242774193551,0.3267306763771142,39.93044460764263,False
2023-05-15,2023-05-16,-0.3726242774193551,-0.8453617004962766,-0.478732855806647,39.12498107545886,False
2023-05-16,2023-05-17,-0.8453617004962766,-0.47674754665012387,-0.8023135573091571,38.801400373956355,False
2023-05-17,2023-05-18,-0.47674754665012387,0.1811770687344918,-0.32248334527242256,39.281230585993086,False
2023-05-18,2023-05-19,0.1811770687344918,0.5375091841191022,0.29256525045386395,39.89627918171937,False
2023-05-19,2023-05-20,0.5375091841191022,0.6243505687344921,0.5344332748832286,40.13814720614874,False
2023-05-20,2023-05-21,0.6243505687344921,0.7153769148883384,0.5543578733147855,40.158071804580295,False
2023-05-21,2023-05-22,0.7153769148883384,-0.05481020049628427,0.6323161088427998,40.23603004010831,False
2023-05-22,2023-05-23,-0.05481020049628427,-0.06538773895782413,-0.19171425168443162,39.41199967958108,False
2023-05-23,2023-05-24,-0.06538773895782413,-0.02832366203474379,-0.049441027857544624,39.55427290340796,False
2023-05-24,2023-05-25,-0.02832366203474379,-0.8919878158808956,-0.008552020988673092,39.595161910276836,False
2023-05-25,2023-05-26,-0.8919878158808956,-1.384467085111666,-0.9196510763759858,38.684062854889525,False
2023-05-26,2023-05-27,-1.384467085111666,-1.1034019697270523,-1.2630186149311378,38.340695316334376,False
2023-05-27,2023-05-28,-1.1034019697270523,-0.5046940081885865,-0.8708673215500388,38.73284660971547,False
2023-05-28,2023-05-29,-0.5046940081885865,-0.3784149697270536,-0.3003510870079442,39.30336284425756,False
2023-05-29,2023-05-30,-0.3784149697270536,-1.031545546650129,-0.287415881216617,39.31629805004889,False
2023-05-30,2023-05-31,-1.031545546650129,0.10115664565756077,-0.9959794554953407,38.60773447577017,False
2023-05-31,2023-06-01,0.10115664565756077,4.978188931666672,0.319291765699356,35.02568048787884,False
2023-06-01,2023-06-02,4.978188931666672,4.992666200897439,5.196997552264771,39.90338627444425,True
2023-06-02,2023-06-03,4.992666200897439,4.868605931666671,4.241147622089575,38.94753634426906,True
2023-06-03,2023-06-04,4.868605931666671,3.387357623974367,4.1084512346588244,38.814839956838306,True
2023-06-04,2023-06-05,3.387357623974367,3.0514510085897513,2.583204547585492,37.28959326976498,True
2023-06-05,2023-06-06,3.0514510085897513,4.164441662435898,2.5266299557458276,37.23301867792531,True
2023-06-06,2023-06-07,4.164441662435898,4.658744200897445,3.758117355866619,38.4645060780461,True
2023-06-07,2023-06-08,4.658744200897445,4.707702431666675,4.0537527636628985,38.76014148584238,True
2023-06-08,2023-06-09,4.707702431666675,4.538850623974362,4.006567850327381,38.71295657250686,True
2023-06-09,2023-06-10,4.538850623974362,4.03645620089744,3.820137524294751,38.52652624647423,True
2023-06-10,2023-06-11,4.03645620089744,3.276327162435905,3.328060476790882,38.034449198970364,True
2023-06-11,2023-06-12,3.276327162435905,3.6427522008974407,2.6327024983545515,37.33909122053404,True
2023-06-12,2023-06-13,3.6427522008974407,3.6277649701282115,3.167460647682884,37.87384936986237,True
2023-06-13,2023-06-14,3.6277649701282115,2.951960739358981,3.07882449349387,37.78521321567335,True
2023-06-14,2023-06-15,2.951960739358981,3.184093470128211,2.374661270292483,37.08104999247197,False
2023-06-15,2023-06-16,3.184093470128211,2.826247854743599,2.7521100654524933,37.458498787631974,True
2023-06-16,2023-06-17,2.826247854743599,2.618210816282051,2.3314513041679663,37.037840026347446,False
2023-06-17,2023-06-18,2.618210816282051,2.383511623974364,2.185011492228374,36.89140021440786,False
2023-06-18,2023-06-19,2.383511623974364,2.2730495855128297,1.9808466518988253,36.687235374078305,False
2023-06-19,2023-06-20,2.2730495855128297,2.5596898932051317,1.9119892516115333,36.61837797379101,False
2023-06-20,2023-06-21,2.5596898932051317,2.2741328547435913,2.23391612509978,36.940304847279265,False
2023-06-21,2023-06-22,2.2741328547435913,1.2360020085897503,1.8780463360331154,36.5844350582126,False
2023-06-22,2023-06-23,1.2360020085897503,-0.46561818371794317,0.8486216980731599,35.55501042025264,False
2023-06-23,2023-06-24,-0.46561818371794317,-2.4036878375640995,-0.7252294399202084,33.98115928225928,False
2023-06-24,2023-06-25,-2.4036878375640995,-2.823622952948714,-2.414398035105417,32.29199068707407,False
2023-06-25,2023-06-26,-2.823622952948714,-5.796473337564102,-2.467946858130376,32.23844186404911,False
2023-06-26,2023-06-27,-5.796473337564102,-6.178507529871791,-5.4950665646395285,29.211322157539954,False
2023-06-27,2023-06-28,-6.178507529871791,-5.140353760641023,-5.3029357507603425,29.403452971419142,False
2023-06-28,2023-06-29,-5.140353760641023,-4.121504452948713,-4.140572243865748,30.565816478313735,False
2023-06-29,2023-06-30,-4.121504452948713,-3.596435068333328,-3.281162551691833,31.42522617048765,False
2023-06-30,2023-07-01,-3.596435068333328,1.1569503488833774,-2.9345901876481117,27.371062886545435,False
2023-07-01,2023-07-02,1.1569503488833774,1.934371387344914,1.934711542320382,32.24036461651393,False
2023-07-02,2023-07-03,1.934371387344914,3.1603079258064533,1.8018073122138958,32.10746038640744,False
2023-07-03,2023-07-04,3.1603079258064533,3.4532221565756807,2.929819561062203,33.235472635255746,True
2023-07-04,2023-07-05,3.4532221565756807,1.4150092334987612,2.992239444365451,33.297892518558996,True
2023-07-05,2023-07-06,1.4150092334987612,0.24648027196029787,0.8011788286354147,31.10683190282896,False
2023-07-06,2023-07-07,0.24648027196029787,0.1266933104218353,-0.01574447328034144,30.289908600913204,False
2023-07-07,2023-07-08,0.1266933104218353,0.7922005411910682,0.09156269215527221,30.39721576634882,False
2023-07-08,2023-07-09,0.7922005411910682,0.5334531565756855,0.8117843849761404,31.117437459169686,False
2023-07-09,2023-07-10,0.5334531565756855,1.5140988488833749,0.40853667769964647,30.714189751893194,False
2023-07-10,2023-07-11,1.5140988488833749,-1.2531599588089328,1.48617902430252,31.791832098496066,False
2023-07-11,2023-07-12,-1.2531599588089328,-0.8285768434243153,-1.6046643720411513,28.700988702152394,False
2023-07-12,2023-07-13,-0.8285768434243153,0.6520065796526069,-0.6094389256870959,29.69621414850645,False
2023-07-13,2023-07-14,0.6520065796526069,0.3263047719603023,0.8552790811489001,31.160932155342447,False
2023-07-14,2023-07-15,0.3263047719603023,-0.39460257419354505,0.21969311517590823,30.525346189369454,False
2023-07-15,2023-07-16,-0.39460257419354505,-1.2068381895781606,-0.4698029512527691,29.835850122940776,False
2023-07-16,2023-07-17,-1.2068381895781606,-1.7313042280397006,-1.1761790452783143,29.129474028915233,False
2023-07-17,2023-07-18,-1.7313042280397006,-3.033649035732008,-1.5632560834971037,28.74239699069644,False
2023-07-18,2023-07-19,-3.033649035732008,-2.993110958808934,-2.8215826959196426,27.484070378273906,False
2023-07-19,2023-07-20,-2.993110958808934,-1.7198231126550851,-2.5198726043302644,27.785780469863283,False
2023-07-20,2023-07-21,-1.7198231126550851,-2.2937921895781592,-1.1956023541110097,29.110050720082537,False
2023-07-21,2023-07-22,-2.2937921895781592,-3.000273304962775,-2.0496981287159843,28.255954945477562,False
2023-07-22,2023-07-23,-3.000273304962775,-1.246961420347393,-2.674669823213476,27.630983250980073,False
2023-07-23,2023-07-24,-1.246961420347393,-0.39152042034739054,-0.699383975163147,29.6062690990304,False
2023-07-24,2023-07-25,-0.39152042034739054,-1.400401535732005,-0.15334651776993707,30.15230655642361,False
2023-07-25,2023-07-26,-1.400401535732005,-1.0859836126550846,-1.3793332447964681,28.92631982939708,False
2023-07-26,2023-07-27,-1.0859836126550846,-2.546745612655087,-0.8494686357543471,29.456184438439198,False
2023-07-27,2023-07-28,-2.546745612655087,-2.0064103434243172,-2.44057823317327,27.865074841020277,False
2023-07-28,2023-07-29,-2.0064103434243172,-1.0213225357320077,-1.5843507639444607,28.721302310249087,False
2023-07-29,2023-07-30,-1.0213225357320077,-0.3873927280396998,-0.6611546090769973,29.64449846511655,False
2023-07-30,2023-07-31,-0.3873927280396998,-0.3347139972704696,-0.19395123499638844,30.11170183919716,False
2023-07-31,2023-08-01,-0.3347139972704696,-0.08959992047146415,-0.26504235640909696,29.625826410216213,False
2023-08-01,2023-08-02,-0.08959992047146415,-1.1260004204714633,-0.019048353239175336,29.871820413386136,False
2023-08-02,2023-08-03,-1.1260004204714633,-1.870724112779154,-1.152317000796288,28.738551765829023,False
2023-08-03,2023-08-04,-1.870724112779154,-0.5305150358560802,-1.7252365686940223,28.165632197931288,False
2023-08-04,2023-08-05,-0.5305150358560802,0.5187954256823808,-0.17459873008683308,29.71627003653848,False
2023-08-05,2023-08-06,0.5187954256823808,0.2189487718362244,0.6565467969203788,30.547415563545687,False
2023-08-06,2023-08-07,0.2189487718362244,0.2953796949131515,0.1338799234985651,30.024748690123875,False
2023-08-07,2023-08-08,0.2953796949131515,0.05746519491315283,0.27355394205391637,30.164422708679226,False
2023-08-08,2023-08-09,0.05746519491315283,0.733923194913153,0.009388179861654838,29.900256946486966,False
2023-08-09,2023-08-10,0.733923194913153,1.6486530410669964,0.7645872688927842,30.655456035518093,False
2023-08-10,2023-08-11,1.6486530410669964,1.8476462718362292,1.5870608348358632,31.477929601461174,False
2023-08-11,2023-08-12,1.8476462718362292,1.5011706564516132,1.6131638606318042,31.504032627257114,False
2023-08-12,2023-08-13,1.5011706564516132,1.0312638487593055,1.2110003734817583,31.10186914010707,False
2023-08-13,2023-08-14,1.0312638487593055,0.7525916564516137,0.7882818999724656,30.679150666597774,False
2023-08-14,2023-08-15,0.7525916564516137,0.5653148102977674,0.5902419290301861,30.481110695655495,False
2023-08-15,2023-08-16,0.5653148102977674,1.5215008102977698,0.4497620109261609,30.34063077755147,False
2023-08-16,2023-08-17,1.5215008102977698,0.9227158102977668,1.4875807443083366,31.378449510933645,False
2023-08-17,2023-08-18,0.9227158102977668,-1.6184932281637714,0.670651892621289,30.5615206592466,False
2023-08-18,2023-08-19,-1.6184932281637714,-2.878025112779156,-1.8691991875143226,28.021669579110988,False
2023-08-19,2023-08-20,-2.878025112779156,-1.4060328050868485,-2.6812013866031914,27.20966738002212,False
2023-08-20,2023-08-21,-1.4060328050868485,0.17665504106699714,-0.8901720287737065,29.000696737851605,False
2023-08-21,2023-08-22,0.17665504106699714,0.5508788487593073,0.47285066856199204,30.363719435187303,False
2023-08-22,2023-08-23,0.5508788487593073,0.9877015410669969,0.5493233251887646,30.440192091814076,False
2023-08-23,2023-08-24,0.9877015410669969,0.7429031949131506,0.9318987265682638,30.822767493193574,False
2023-08-24,2023-08-25,0.7429031949131506,0.9297133872208434,0.5887772199328526,30.47964598655816,False
2023-08-25,2023-08-26,0.9297133872208434,1.1900804256823818,0.8329898407570049,30.723858607382315,False
2023-08-26,2023-08-27,1.1900804256823818,1.4944671564516128,1.06823915207976,30.95910791870507,False
2023-08-27,2023-08-28,1.4944671564516128,1.7067746564516142,1.334904840801145,31.225773607426454,False
2023-08-28,2023-08-29,1.7067746564516142,2.0413693872208434,1.4964566337790353,31.387325400404347,False
2023-08-29,2023-08-30,2.0413693872208434,2.9548185026054625,1.8042998008779447,31.695168567503256,False
2023-08-30,2023-08-31,2.9548185026054625,3.5388783487593045,2.6934969181259825,32.58436568475129,False
2023-08-31,2023-09-01,3.5388783487593045,2.967617439230768,3.1227804207840637,33.94942371232253,True
2023-09-01,2023-09-02,2.967617439230768,1.9278330161538442,2.4087410961719433,33.235384387710404,False
2023-09-02,2023-09-03,1.9278330161538442,0.9469972469230754,1.4344687480260836,32.261112039564544,False
2023-09-03,2023-09-04,0.9469972469230754,0.30591174692307277,0.6151602682087219,31.441803559747186,False
2023-09-04,2023-09-05,0.30591174692307277,1.0223849392307685,0.1396227656794995,30.966266057217965,False
2023-09-05,2023-09-06,1.0223849392307685,0.3853107853846147,1.01696271531645,31.843606006854912,False
2023-09-06,2023-09-07,0.3853107853846147,-2.6009755992307717,0.20769482129810923,31.034338112836572,False
2023-09-07,2023-09-08,-2.6009755992307717,-2.8968882915384633,-2.7902524696353805,28.036390821903083,False
2023-09-08,2023-09-09,-2.8968882915384633,-2.354029022307696,-2.5053308995125163,28.32131239202595,False
2023-09-09,2023-09-10,-2.354029022307696,-1.424070753076922,-1.8783794509110725,28.94826384062739,False
2023-09-10,2023-09-11,-1.424070753076922,-0.03546986846153999,-1.0133721873412895,29.813271104197174,False
2023-09-11,2023-09-12,-0.03546986846153999,0.022238631538460396,0.2544789774643634,31.081122269002826,False
2023-09-12,2023-09-13,0.022238631538460396,-0.5997079838461552,0.03839874932750136,30.865042040865966,False
2023-09-13,2023-09-14,-0.5997079838461552,-0.9204435607692325,-0.6238824589211919,30.202760832617273,False
2023-09-14,2023-09-15,-0.9204435607692325,-2.03201459923077,-0.8356661085889103,29.990977182949553,False
2023-09-15,2023-09-16,-2.03201459923077,-2.1273536761538487,-1.9349330827944233,28.89171020874404,False
2023-09-16,2023-09-17,-2.1273536761538487,-0.3804274453846155,-1.8133842791807697,29.013259012357693,False
2023-09-17,2023-09-18,-0.3804274453846155,0.8040448623076877,0.033543694399815076,30.860186985938277,False
2023-09-18,2023-09-19,0.8040448623076877,1.081576246923074,0.9251438494231383,31.751787140961603,False
2023-09-19,2023-09-20,1.081576246923074,1.222401131538458,0.9797228219374128,31.806366113475875,False
2023-09-20,2023-09-21,1.222401131538458,0.02686466999999837,1.0718235293542138,31.898466820892676,False
2023-09-21,2023-09-22,0.02686466999999837,-1.318445060769232,-0.2071980093402686,30.619445282198196,False
2023-09-22,2023-09-23,-1.318445060769232,-1.1179412530769248,-1.37687462359792,29.449768667940543,False
2023-09-23,2023-09-24,-1.1179412530769248,-0.719530906923076,-0.8992256520574969,29.927417639480968,False
2023-09-24,2023-09-25,-0.719530906923076,-0.4012893684615406,-0.5222571165950848,30.304386174943378,False
2023-09-25,2023-09-26,-0.4012893684615406,0.26710263153846014,-0.2685779519323637,30.5580653396061,False
2023-09-26,2023-09-27,0.26710263153846014,0.308486746923073,0.36745248838326844,31.19409577992173,False
2023-09-27,2023-09-28,0.308486746923073,1.2676840546153834,0.27768163066558643,31.10432492220405,False
2023-09-28,2023-09-29,1.2676840546153834,1.0534715161538415,1.273125801729261,32.099769093267724,False
2023-09-29,2023-09-30,1.0534715161538415,0.26491870846153986,0.8580058262825947,31.68464911782106,False
2023-09-30,2023-10-01,0.26491870846153986,-1.536761175930522,0.07552990182791287,32.56159900083536,False
2023-10-01,2023-10-02,-1.536761175930522,-0.9566982528535988,-1.6527116036057599,30.833357495401685,False
2023-10-02,2023-10-03,-0.9566982528535988,0.05280555483870586,-0.6870385071507594,31.799030591856685,False
2023-10-03,2023-10-04,0.05280555483870586,0.49767151637717433,0.25379640378489216,32.739865502792334,False
2023-10-04,2023-10-05,0.49767151637717433,0.6477225933002444,0.5183062712418282,33.00437537024927,False
2023-10-05,2023-10-06,0.6477225933002444,0.7343102471464036,0.5867453896066314,33.07281448861408,False
2023-10-06,2023-10-07,0.7343102471464036,1.1424550548387131,0.6474742621707696,33.13354336117821,False
2023-10-07,2023-10-08,1.1424550548387131,1.6134004779156328,1.0573090047242664,33.54337810373171,False
2023-10-08,2023-10-09,1.6134004779156328,1.8526649779156301,1.468836160850682,33.95490525985813,False
2023-10-09,2023-10-10,1.8526649779156301,1.636047131761785,1.6254339792187529,34.1115030782262,False
2023-10-10,2023-10-11,1.636047131761785,1.5952133625310196,1.3511330333531824,33.83720213236063,False
2023-10-11,2023-10-12,1.5952133625310196,1.7356880163771677,1.3515332405184715,33.837602339525915,False
2023-10-12,2023-10-13,1.7356880163771677,2.002850400992557,1.506652768907011,33.992721867914454,False
2023-10-13,2023-10-14,2.002850400992557,2.0670505933002516,1.7582378154339897,34.24430691444143,False
2023-10-14,2023-10-15,2.0670505933002516,1.7322126702233263,1.7722245087325812,34.25829360774003,False
2023-10-15,2023-10-16,1.7322126702233263,1.7441881317617813,1.4090752372989495,33.895144336306394,False
2023-10-16,2023-10-17,1.7441881317617813,1.2126729779156307,1.4882710655391922,33.97434016454664,False
2023-10-17,2023-10-18,1.2126729779156307,1.382994170223327,0.9297206832003929,33.41578978220784,False
2023-10-18,2023-10-19,1.382994170223327,1.3331634779156332,1.2137637955908145,33.69983289459826,False
2023-10-19,2023-10-20,1.3331634779156332,1.1639067471463989,1.127711719074464,33.613780818081906,False
2023-10-20,2023-10-21,1.1639067471463989,1.0166359009925543,0.9605261901790952,33.44659528918654,False
2023-10-21,2023-10-22,1.0166359009925543,1.0162987856079368,0.8401234931467513,33.32619259215419,False
2023-10-22,2023-10-23,1.0162987856079368,0.8303168625310207,0.8690918098600248,33.35516090886747,False
2023-10-23,2023-10-24,0.8303168625310207,0.5723670163771715,0.6745514131852328,33.16062051219268,False
2023-10-24,2023-10-25,0.5723670163771715,0.7938769009925579,0.4416664950421021,32.927735594049544,False
2023-10-25,2023-10-26,0.7938769009925579,0.5169938240694805,0.7248065471169569,33.2108756461244,False
2023-10-26,2023-10-27,0.5169938240694805,0.45316605483871086,0.390980226561116,32.877049325568564,False
2023-10-27,2023-10-28,0.45316605483871086,0.43399674714640213,0.37931858180209943,32.86538768080955,False
2023-10-28,2023-10-29,0.43399674714640213,0.3521830163771682,0.37196809418122434,32.85803719318867,False
2023-10-29,2023-10-30,0.3521830163771682,0.28771913176179,0.2901764888547365,32.77624558786218,False
2023-10-30,2023-10-31,0.28771913176179,0.014674247146402308,0.23901165936559482,32.72508075837304,False
2023-10-31,2023-11-01,0.014674247146402308,0.7561805678205111,-0.03386216555773572,31.441768997390984,False
2023-11-01,2023-11-02,0.7561805678205111,1.0949235293589759,0.7963964243331357,32.272027587281855,False
2023-11-02,2023-11-03,1.0949235293589759,1.175442106282052,1.0032187329633953,32.47884989591211,False
2023-11-03,2023-11-04,1.175442106282052,1.474141837051281,1.0200292142048126,32.495660377153534,False
2023-11-04,2023-11-05,1.474141837051281,1.1495850293589704,1.3165512942528583,32.79218245720158,False
2023-11-05,2023-11-06,1.1495850293589704,0.6604633370512794,0.9174719935902165,32.393103156538935,False
2023-11-06,2023-11-07,0.6604633370512794,1.165327837051283,0.47028352340348356,31.945914686352204,False
2023-11-07,2023-11-08,1.165327837051283,0.18023245243589514,1.0959452356710426,32.57157639861976,False
2023-11-08,2023-11-09,0.18023245243589514,0.9584391062820536,-0.03535415845883713,31.440277004489882,False
2023-11-09,2023-11-10,0.9584391062820536,0.7884149908974329,0.9750734314446002,32.45070459439332,False
2023-11-10,2023-11-11,0.7884149908974329,1.662122875512818,0.6422258317453944,32.117856994694115,False
2023-11-11,2023-11-12,1.662122875512818,1.4295434908974336,1.5903062721639618,33.06593743511268,False
2023-11-12,2023-11-13,1.4295434908974336,0.9032461062820509,1.1729882408695742,32.648619403818294,False
2023-11-13,2023-11-14,0.9032461062820509,0.39768779858973957,0.668587563477599,32.14421872642632,False
2023-11-14,2023-11-15,0.39768779858973957,0.028905029358970324,0.24436595366198394,31.719997116610703,False
2023-11-15,2023-11-16,0.028905029358970324,-0.380427278333336,-0.04086572335801201,31.434765439590706,False
2023-11-16,2023-11-17,-0.380427278333336,-0.058276739871796934,-0.39575906310422565,31.079872099844494,False
2023-11-17,2023-11-18,-0.058276739871796934,0.6901587985897386,0.02282889536590153,31.49846005831462,False
2023-11-18,2023-11-19,0.6901587985897386,0.6061676447435893,0.7418369189552758,32.217468081903995,False
2023-11-19,2023-11-20,0.6061676447435893,0.48263956782050954,0.5049396902778279,31.980570853226546,False
2023-11-20,2023-11-21,0.48263956782050954,0.20628937551281723,0.39240486718806766,31.868036030136786,False
2023-11-21,2023-11-22,0.20628937551281723,0.4841020293589757,0.12783189557021135,31.60346305851893,False
2023-11-22,2023-11-23,0.4841020293589757,-0.666660047564104,0.4735494029008203,31.949180565849538,False
2023-11-23,2023-11-24,-0.666660047564104,-1.0517310860256437,-0.7858949207422352,30.689736242206486,False
2023-11-24,2023-11-25,-1.0517310860256437,-0.1778140091025655,-0.9597126710488133,30.515918491899907,False
2023-11-25,2023-11-26,-0.1778140091025655,-1.2584004706410248,0.03140169071929296,31.50703285366801,False
2023-11-26,2023-11-27,-1.2584004706410248,-4.475761509102565,-1.2732944970415194,30.2023366659072,False
2023-11-27,2023-11-28,-4.475761509102565,-4.9700391244871795,-4.4247317553698515,27.050899407578868,False
2023-11-28,2023-11-29,-4.9700391244871795,-2.5940476629487215,-4.301368919831247,27.17426224311747,False
2023-11-29,2023-11-30,-2.5940476629487215,-1.9361430091025653,-1.7167733639861307,29.758857798962588,False
2023-11-30,2023-12-01,-1.9361430091025653,-0.9766423408188594,-1.5014068661035564,28.263914897792226,False
2023-12-01,2023-12-02,-0.9766423408188594,0.042659043796525964,-0.6283921665156993,29.136929597380085,False
2023-12-02,2023-12-03,0.042659043796525964,1.0282573899503689,0.2471501034689998,30.012471867364784,False
2023-12-03,2023-12-04,1.0282573899503689,-0.09995337928040016,1.0755201374268548,30.84084190132264,False
2023-12-04,2023-12-05,-0.09995337928040016,-1.7040573792804032,-0.301244426740086,29.464077337155697,False
2023-12-05,2023-12-06,-1.7040573792804032,-4.159781263895784,-1.755122131174194,28.01019963272159,False
2023-12-06,2023-12-07,-4.159781263895784,-2.9770938023573237,-4.005368169759461,25.759953594136324,False
2023-12-07,2023-12-08,-2.9770938023573237,-1.606495610049631,-2.2789039370276516,27.486417826868134,False
2023-12-08,2023-12-09,-1.606495610049631,-0.4452799177419351,-1.080207829144134,28.68511393475165,False
2023-12-09,2023-12-10,-0.4452799177419351,-0.37639591774193804,-0.13801741459413142,29.627304349301653,False
2023-12-10,2023-12-11,-0.37639591774193804,0.020065736104214693,-0.29713230843548594,29.468189455460298,False
2023-12-11,2023-12-12,0.020065736104214693,-0.23398576389578096,0.10400216162918881,29.869323925524974,False
2023-12-12,2023-12-13,-0.23398576389578096,-0.48287222543424235,-0.2407659179901609,29.524555845905624,False
2023-12-13,2023-12-14,-0.48287222543424235,-0.6088529562034779,-0.4506147092395914,29.314707054656193,False
2023-12-14,2023-12-15,-0.6088529562034779,-1.0444402254342435,-0.532885906447279,29.232435857448504,False
2023-12-15,2023-12-16,-1.0444402254342435,-1.3479890331265558,-0.963592842828631,28.801728921067152,False
2023-12-16,2023-12-17,-1.3479890331265558,-1.6305529177419373,-1.1944960631681136,28.57082570072767,False
2023-12-17,2023-12-18,-1.6305529177419373,-2.2933559177419376,-1.4297294648987255,28.33559229899706,False
2023-12-18,2023-12-19,-2.2933559177419376,-2.7684074946650163,-2.0670149804956615,27.698306783400124,False
2023-12-19,2023-12-20,-2.7684074946650163,-2.188219763895784,-2.4321372478811822,27.3331845160146,False
2023-12-20,2023-12-21,-2.188219763895784,-0.5124939562034747,-1.7304602211128066,28.034861542782977,False
2023-12-21,2023-12-22,-0.5124939562034747,-0.248342879280397,-0.0925296766678815,29.672792087227904,False
2023-12-22,2023-12-23,-0.248342879280397,0.5751836976426787,-0.14975828170567151,29.61556348219011,False
2023-12-23,2023-12-24,0.5751836976426787,0.5176554284119064,0.6593708748057614,30.424692638701547,False
2023-12-24,2023-12-25,0.5176554284119064,1.2143143130272946,0.435213502785005,30.200535266680788,False
2023-12-25,2023-12-26,1.2143143130272946,1.5602021207196017,1.1756361517799963,30.94095791567578,False
2023-12-26,2023-12-27,1.5602021207196017,0.9526522361042176,1.3988636294095085,31.164185393305292,False
2023-12-27,2023-12-28,0.9526522361042176,0.4410977745657547,0.694271445520231,30.459593209416013,False
2023-12-28,2023-12-29,0.4410977745657547,0.4852854668734494,0.27995265295223776,30.04527441684802,False
2023-12-29,2023-12-30,0.4852854668734494,0.9215058130272951,0.42803826473908557,30.19336002863487,False
2023-12-30,2023-12-31,0.9215058130272951,0.6745222745657529,0.8756923231216301,30.641014087017414,False
2023-12-31,2024-01-01,0.6745222745657529,0.40980768585607663,0.5304042027272522,30.04206082456348,False
2024-01-01,2024-01-02,0.40980768585607663,0.21874753200992103,0.30258599266830355,29.814242614504533,False
2024-01-02,2024-01-03,0.21874753200992103,-0.5003802372208455,0.15536839618582904,29.66702501802206,False
2024-01-03,2024-01-04,-0.5003802372208455,-0.9024215449131532,-0.5590722016854863,28.952584420150746,False
2024-01-04,2024-01-05,-0.9024215449131532,-1.2011263910669996,-0.8365840335525858,28.675072588283644,False
2024-01-05,2024-01-06,-1.2011263910669996,-1.497884391067,-1.0690975096632167,28.442559112173015,False
2024-01-06,2024-01-07,-1.497884391067,-0.9535519295285404,-1.320147745175861,28.19150887666037,False
2024-01-07,2024-01-08,-0.9535519295285404,0.6808079935483846,-0.6914864820282576,28.820170139807974,False
2024-01-08,2024-01-09,0.6808079935483846,-1.2452949679900769,0.9102983317385944,30.421954953574826,False
2024-01-09,2024-01-10,-1.2452949679900769,-1.5889932372208477,-1.4305295638255258,28.081127058010704,False
2024-01-10,2024-01-11,-1.5889932372208477,1.2454821858560763,-1.4066883011506566,28.104968320685575,False
2024-01-11,2024-01-12,1.2454821858560763,1.8127195320099219,1.6276753101923114,31.139331932028544,False
2024-01-12,2024-01-13,1.8127195320099219,2.114499224317612,1.6568870540411444,31.168543675877377,False
2024-01-13,2024-01-14,2.114499224317612,2.121678993548386,1.8597280786657382,31.37138470050197,False
2024-01-14,2024-01-15,2.121678993548386,0.7689581473945388,1.8071576434883165,31.318814265324548,False
2024-01-15,2024-01-16,0.7689581473945388,0.6660905704714644,0.3902699550974822,29.901926576933715,False
2024-01-16,2024-01-17,0.6660905704714644,0.4568128012406909,0.5519531093198974,30.063609731156127,False
2024-01-17,2024-01-18,0.4568128012406909,-0.36402758337469265,0.35344986253496563,29.865106484371196,False
2024-01-18,2024-01-19,-0.36402758337469265,-0.018879929528537787,-0.4637935871710043,29.047863034665227,False
2024-01-19,2024-01-20,-0.018879929528537787,-0.0800985064516162,0.06078775981690272,29.572444381653135,False
2024-01-20,2024-01-21,-0.0800985064516162,-0.2933245449131512,-0.07198764171647148,29.43966898011976,False
2024-01-21,2024-01-22,-0.2933245449131512,0.2180437243176172,-0.28291443113822734,29.228742190698004,False
2024-01-22,2024-01-23,0.2180437243176172,-0.695986967990077,0.2946229078913757,29.806279529727608,False
2024-01-23,2024-01-24,-0.695986967990077,-1.216236929528538,-0.7636107846681974,28.748045837168032,False
2024-01-24,2024-01-25,-1.216236929528538,-0.8373101218362322,-1.1260091961391752,28.385647425697055,False
2024-01-25,2024-01-26,-0.8373101218362322,0.6164809550868462,-0.6259284769584724,28.88572814487776,False
2024-01-26,2024-01-27,0.6164809550868462,0.8039415704714621,0.8198445884109571,30.33150121024719,False
2024-01-27,2024-01-28,0.8039415704714621,1.3298628012406937,0.7265550845301959,30.238211706366428,False
2024-01-28,2024-01-29,1.3298628012406937,1.4826690320099232,1.2395451384408234,30.751201760277056,False
2024-01-29,2024-01-30,1.4826690320099232,1.1220068012406905,1.2947293942259501,30.80638601606218,False
2024-01-30,2024-01-31,1.1220068012406905,1.1193210320099247,0.8869169920801625,30.398573613916394,False
2024-01-31,2024-02-01,1.1193210320099247,-2.4915292217993965,0.9559131430869854,33.63384974950177,False
2024-02-01,2024-02-02,-2.4915292217993965,-2.190123375645552,-2.821868773032473,29.85606783338231,False
2024-02-02,2024-02-03,-2.190123375645552,-0.8345247987224731,-1.7875775340988735,30.89035907231591,False
2024-02-03,2024-02-04,-0.8345247987224731,-0.019844991030169012,-0.4291168755955892,32.24881973081919,False
2024-02-04,2024-02-05,-0.019844991030169012,0.574710239739062,0.1534521516323154,32.8313887580471,False
2024-02-05,2024-02-06,0.574710239739062,0.5407622012775235,0.6133823954131303,33.291319001827915,False
2024-02-06,2024-02-07,0.5407622012775235,0.3092952397390647,0.4594862004387485,33.13742280685353,False
2024-02-07,2024-02-08,0.3092952397390647,-1.6528392987224763,0.224043037603245,32.90197964401803,False
2024-02-08,2024-02-09,-1.6528392987224763,-0.7054194141070909,-1.7830084730618034,30.89492813335298,False
2024-02-09,2024-02-10,-0.7054194141070909,-0.36933868333785824,-0.4009949789851901,32.27694162742959,False
2024-02-10,2024-02-11,-0.36933868333785824,-0.8893421833378596,-0.2379549816251043,32.43998162478968,False
2024-02-11,2024-02-12,-0.8893421833378596,-0.3927822217994006,-0.848987945243838,31.828948661170944,False
2024-02-12,2024-02-13,-0.3927822217994006,-0.31584564487631894,-0.22586747397058538,32.452069132444194,False
2024-02-13,2024-02-14,-0.31584564487631894,-0.7176273371840125,-0.24422588738142176,32.433710719033364,False
2024-02-14,2024-02-15,-0.7176273371840125,-0.2062490294917083,-0.6799594561038451,31.997977150310938,False
2024-02-15,2024-02-16,-0.2062490294917083,0.669998662815992,-0.06487089731490242,32.61306570909988,False
2024-02-16,2024-02-17,0.669998662815992,1.860138585892912,0.7502025049319356,33.42813911134672,False
2024-02-17,2024-02-18,1.860138585892912,1.8137672782006007,1.8210819273592784,34.49901853377406,False
2024-02-18,2024-02-19,1.8137672782006007,1.3241076628159831,1.5356076346617293,34.21354424107651,False
2024-02-19,2024-02-20,1.3241076628159831,1.2884450089698305,1.0324706150037817,33.71040722141856,False
2024-02-20,2024-02-21,1.2884450089698305,0.23900500896983345,1.0926433478966808,33.770579954311465,False
2024-02-21,2024-02-22,0.23900500896983345,-0.7030651064147797,0.0016320282695065748,32.67956863468429,False
2024-02-22,2024-02-23,-0.7030651064147797,-1.175137106414784,-0.7751905099483143,31.90274609646647,False
2024-02-23,2024-02-24,-1.175137106414784,-0.4281668371840155,-1.081593987866067,31.596342618548714,False
2024-02-24,2024-02-25,-0.4281668371840155,-0.28378864487632427,-0.20599249480273052,32.47194411161205,False
2024-02-25,2024-02-26,-0.28378864487632427,0.49313520127752497,-0.20363718399002473,32.47429942242476,False
2024-02-26,2024-02-27,0.49313520127752497,0.6388983935852153,0.5805741968226575,33.25851080323744,False
2024-02-27,2024-02-28,0.6388983935852153,1.1895610858929118,0.5784150984872872,33.256351704902066,False
2024-02-28,2024-02-29,1.1895610858929118,2.560968547431372,1.125595888546892,33.80353249496167,False
2024-02-29,2024-03-01,2.560968547431372,0.24175028945409593,2.450972533564517,38.18767262872581,False
2024-03-01,2024-03-02,0.24175028945409593,-1.5094495182382133,-0.24884998025555732,35.48785011490573,False
2024-03-02,2024-03-03,-1.5094495182382133,-2.780657056699752,-1.6195205235078252,34.117179571653466,False
2024-03-03,2024-03-04,-2.780657056699752,-3.3339870566997476,-2.601027719938141,33.13567237522315,False
2024-03-04,2024-03-05,-3.3339870566997476,-1.5929014028535988,-2.9269278219102026,32.809772273251085,False
2024-03-05,2024-03-06,-1.5929014028535988,-0.6698458259305227,-0.9949270471682177,34.74177304799307,False
2024-03-06,2024-03-07,-0.6698458259305227,-1.060736095161289,-0.3757049433298084,35.36099515183148,False
2024-03-07,2024-03-08,-1.060736095161289,-0.9393909028535958,-0.9685010440297509,34.76819905113154,False
2024-03-08,2024-03-09,-0.9393909028535958,-0.1367230566997506,-0.7637032541048423,34.97299684105645,False
2024-03-09,2024-03-10,-0.1367230566997506,0.12458302022332646,0.052031881842679976,35.78873197700397,False
2024-03-10,2024-03-11,0.12458302022332646,0.5266621740694788,0.16564885925969813,35.90234895442099,False
2024-03-11,2024-03-12,0.5266621740694788,0.9491799433002512,0.5343508555337412,36.27105095069503,False
2024-03-12,2024-03-13,0.9491799433002512,0.3893788279156354,0.8964119969030359,36.63311209206432,False
2024-03-13,2024-03-14,0.3893788279156354,0.019186635607944424,0.22652637129786268,35.963226466459155,False
2024-03-14,2024-03-15,0.019186635607944424,0.18764728945409814,-0.04938055861271861,35.68731953654857,False
2024-03-15,2024-03-16,0.18764728945409814,-0.05679205669975573,0.20059693609111673,35.937297031252406,False
2024-03-16,2024-03-17,-0.05679205669975573,-0.44358228746897765,-0.08871905630652686,35.64798103885476,False
2024-03-17,2024-03-18,-0.44358228746897765,-0.5936069797766734,-0.44478115191199674,35.29191894324929,False
2024-03-18,2024-03-19,-0.5936069797766734,-0.7971855951612881,-0.5247553197666678,35.21194477539462,False
2024-03-19,2024-03-20,-0.7971855951612881,-0.5226117105459096,-0.7079062907329579,35.02879380442833,False
2024-03-20,2024-03-21,-0.5226117105459096,0.30275128945409335,-0.38006630743816366,35.356633787723126,False
2024-03-21,2024-03-22,0.30275128945409335,1.3471413663771727,0.4289093014969099,36.1656093966582,False
2024-03-22,2024-03-23,1.3471413663771727,1.6030709048387095,1.357410144808511,37.0941102399698,False
2024-03-23,2024-03-24,1.6030709048387095,1.752307750992557,1.4172752475266321,37.15397534268792,False
2024-03-24,2024-03-25,1.752307750992557,1.9918352509925583,1.5224788976293864,37.25917899279067,False
2024-03-25,2024-03-26,1.9918352509925583,2.394629558684862,1.7434028714157541,37.48010296657704,False
2024-03-26,2024-03-27,2.394629558684862,2.851420827915632,2.1171892214983123,37.853889316659604,False
2024-03-27,2024-03-28,2.851420827915632,3.0668695971464075,2.5149710373812866,38.251671132542576,False
2024-03-28,2024-03-29,3.0668695971464075,2.7475590202233278,2.6494666217112366,38.38616671687252,True
2024-03-29,2024-03-30,2.7475590202233278,2.661617058684861,2.27245181573673,38.00915191089802,False
2024-03-30,2024-03-31,2.661617058684861,1.9449255202233289,2.2460975064855453,37.98279760164684,False
2024-03-31,2024-04-01,1.9449255202233289,-0.6522819317948745,1.513277494988982,40.42244688832232,False
2024-04-01,2024-04-02,-0.6522819317948745,-0.18582297025641026,-1.0616943852334344,37.8474750080999,False
2024-04-02,2024-04-03,-0.18582297025641026,0.1538697605128192,-0.05650752730576977,38.85266186602757,False
2024-04-03,2024-04-04,0.1538697605128192,0.2146104912820448,0.20606948587434393,39.11523887920768,False
2024-04-04,2024-04-05,0.2146104912820448,0.3690631066666654,0.20199575554785587,39.11116514888119,False
2024-04-05,2024-04-06,0.3690631066666654,0.4048978374358967,0.3515184267654392,39.260687820098774,False
2024-04-06,2024-04-07,0.4048978374358967,-1.0205741625641025,0.3582641941757816,39.26743358750912,False
2024-04-07,2024-04-08,-1.0205741625641025,-1.4106308548717976,-1.140453843130145,37.76871555020319,False
2024-04-08,2024-04-09,-1.4106308548717976,-1.6885468933333385,-1.2647947711602037,37.64437462217313,False
2024-04-09,2024-04-10,-1.6885468933333385,-1.8196380471794882,-1.4779413740582399,37.431228019275096,False
2024-04-10,2024-04-11,-1.8196380471794882,-3.8010333933333342,-1.5597803302137538,37.34938906311958,False
2024-04-11,2024-04-12,-3.8010333933333342,-3.2283032394871825,-3.6069703816955765,35.30219901163776,False
2024-04-12,2024-04-13,-3.2283032394871825,-4.254378277948717,-2.6131894714641173,36.29597992186922,False
2024-04-13,2024-04-14,-4.254378277948717,-1.4342801625641073,-3.800880895140315,35.10828849819302,False
2024-04-14,2024-04-15,-1.4342801625641073,0.20756987589743403,-0.6457027643641703,38.26346662896916,False
2024-04-15,2024-04-16,0.20756987589743403,0.6299311066666675,0.5108232337093718,39.41999262704271,False
2024-04-16,2024-04-17,0.6299311066666675,0.9044402220512779,0.6258868943308595,39.5350562876642,False
2024-04-17,2024-04-18,0.9044402220512779,1.4740364912820496,0.8290368545145683,39.738206247847906,False
2024-04-18,2024-04-19,1.4740364912820496,0.8373847605128191,1.3703965102708628,40.2795659036042,False
2024-04-19,2024-04-20,0.8373847605128191,-0.6313161241025682,0.5908132692108712,39.499982662544205,False
2024-04-20,2024-04-21,-0.6313161241025682,-0.519462816410261,-0.8192490457620851,38.08992034757125,False
2024-04-21,2024-04-22,-0.519462816410261,-1.5537798164102554,-0.40979535457299704,38.49937403876034,False
2024-04-22,2024-04-23,-1.5537798164102554,-0.49857793179487686,-1.5143521583568627,37.39481723497647,False
2024-04-23,2024-04-24,-0.49857793179487686,-0.20288100871795223,-0.20428283363871808,38.70488655969462,False
2024-04-24,2024-04-25,-0.20288100871795223,0.46120599128204987,-0.10495857829312669,38.80421081504021,False
2024-04-25,2024-04-26,0.46120599128204987,0.6195466066666597,0.5310557493399283,39.44022514267326,False
2024-04-26,2024-04-27,0.6195466066666597,0.7022187220512848,0.5645227863057325,39.473692179639066,False
2024-04-27,2024-04-28,0.7022187220512848,1.1116622220512795,0.6195041073134454,39.52867350064678,False
2024-04-28,2024-04-29,1.1116622220512795,1.5965522220512796,1.0314773426419312,39.940646735975264,False
2024-04-29,2024-04-30,1.5965522220512796,1.892021798974362,1.4573372417404469,40.36650663507378,False
2024-04-30,2024-05-01,1.892021798974362,0.45952083796525756,1.6699705406772711,41.27368447194278,False
2024-05-01,2024-05-02,0.45952083796525756,0.27707087642679795,0.11220523518162208,39.71591916644713,False
2024-05-02,2024-05-03,0.27707087642679795,0.8308649148883376,0.20649899895734292,39.81021293022285,False
2024-05-03,2024-05-04,0.8308649148883376,1.4633593764267943,0.8223023572359386,40.42601628850145,False
2024-05-04,2024-05-05,1.4633593764267943,1.23216045334987,1.3738727698359596,40.97758670110147,False
2024-05-05,2024-05-06,1.23216045334987,1.0605246841191018,1.0060239019504134,40.609737833215924,False
2024-05-06,2024-05-07,1.0605246841191018,0.4123080302729534,0.8724587250281134,40.47617265629362,False
2024-05-07,2024-05-08,0.4123080302729534,-0.5254867004962804,0.22835068358093658,39.832064614846445,False
2024-05-08,2024-05-09,-0.5254867004962804,-1.2344237389578154,-0.6238802303069391,38.97983370095857,False
2024-05-09,2024-05-10,-1.2344237389578154,-1.4494755466501204,-1.1789854421478645,38.42472848911765,False
2024-05-10,2024-05-11,-1.4494755466501204,-0.8027709312655062,-1.2628643878123893,38.34084954345312,False
2024-05-11,2024-05-12,-0.8027709312655062,-2.8188123158808978,-0.543350480793326,39.06036345047218,False
2024-05-12,2024-05-13,-2.8188123158808978,-2.3325322389578176,-2.781649595960645,36.822064335304866,False
2024-05-13,2024-05-14,-2.3325322389578176,-1.0368535466501214,-1.8714303063093825,37.732283624956125,False
2024-05-14,2024-05-15,-1.0368535466501214,-2.1414017389578177,-0.6124762946054346,38.991237636660074,False
2024-05-15,2024-05-16,-2.1414017389578177,-1.723358469727053,-2.026216664464589,37.57749726680092,False
2024-05-16,2024-05-17,-1.723358469727053,-3.2463414697270494,-1.3688737525147887,38.23484017875072,False
2024-05-17,2024-05-18,-3.2463414697270494,-1.6542423928039725,-3.045721489908384,36.55799244135713,False
2024-05-18,2024-05-19,-1.6542423928039725,-1.110453469727048,-1.0765628539462673,38.527151077319246,False
2024-05-19,2024-05-20,-1.110453469727048,-0.5857246235732063,-0.8245346198117931,38.77917931145372,False
2024-05-20,2024-05-21,-0.5857246235732063,-0.048236469727044096,-0.3837358666732772,39.21997806459223,False
2024-05-21,2024-05-22,-0.048236469727044096,0.19775049181141924,0.07420874276912187,39.67792267403463,False
2024-05-22,2024-05-23,0.19775049181141924,0.1337330302729498,0.2245923960361803,39.82830632730169,False
2024-05-23,2024-05-24,0.1337330302729498,0.18517079950372306,0.10863081922248774,39.712344750488,False
2024-05-24,2024-05-25,0.18517079950372306,-0.3605320466501283,0.17519983701238484,39.778913768277896,False
2024-05-25,2024-05-26,-0.3605320466501283,-0.3474290851116635,-0.4060530395934292,39.19766089167208,False
2024-05-26,2024-05-27,-0.3474290851116635,-1.8554922774193585,-0.2836950127759461,39.320018918489566,False
2024-05-27,2024-05-28,-1.8554922774193585,-0.558741815880893,-1.8643089019851815,37.73940502928033,False
2024-05-28,2024-05-29,-0.558741815880893,-0.5186422004962807,-0.2071672309520875,39.39654670031342,False
2024-05-29,2024-05-30,-0.5186422004962807,0.18485003027294766,-0.423385949178533,39.18032798208698,False
2024-05-30,2024-05-31,0.18485003027294766,0.5193103379652584,0.3047496257464097,39.90846355701192,False
2024-05-31,2024-06-01,0.5193103379652584,4.893242970128206,0.5146591179533776,35.22104784013286,False
2024-06-01,2024-06-02,4.893242970128206,4.641673739358978,5.024859096423173,39.731247818602654,True
2024-06-02,2024-06-03,4.641673739358978,2.971772816282055,3.8907890200888513,38.597177742268336,True
2024-06-03,2024-06-04,2.971772816282055,3.0775979701282097,2.193526813275141,36.899915535454625,False
2024-06-04,2024-06-05,3.0775979701282097,1.8861484701282123,2.636730937693037,37.34311965987252,True
2024-06-05,2024-06-06,1.8861484701282123,2.8135585855128227,1.3689542220146071,36.07534294419409,False
2024-06-06,2024-06-07,2.8135585855128227,2.1269508162820543,2.5765894516947454,37.28297817387423,False
2024-06-07,2024-06-08,2.1269508162820543,0.9349202008974373,1.673493898120124,36.379882620299604,False
2024-06-08,2024-06-09,0.9349202008974373,0.19487070089743952,0.5628795059932694,35.269268228172756,False
2024-06-09,2024-06-10,0.19487070089743952,-0.2736826067948641,0.025836279034095157,34.73222500121358,False
2024-06-10,2024-06-11,-0.2736826067948641,-0.6430954529487138,-0.31710685286318696,34.3892818693163,False
2024-06-11,2024-06-12,-0.6430954529487138,-1.3544524914102496,-0.6103653841151477,34.096023338064334,False
2024-06-12,2024-06-13,-1.3544524914102496,0.0999538162820599,-1.2811655103809094,33.425223211798574,False
2024-06-13,2024-06-14,0.0999538162820599,0.25595104705129046,0.38232269903541,35.088711421214896,False
2024-06-14,2024-06-15,0.25595104705129046,0.49860635474359327,0.2559880908733104,34.96237681305279,False
2024-06-15,2024-06-16,0.49860635474359327,0.9179574316666717,0.4788389689317051,35.18522769111119,False
2024-06-16,2024-06-17,0.9179574316666717,0.8591517393589783,0.8693272343300054,35.57571595650949,False
2024-06-17,2024-06-18,0.8591517393589783,0.5877659316666666,0.724303003587439,35.43069172576692,False
2024-06-18,2024-06-19,0.5877659316666666,-0.9709013375641007,0.45203867671420356,35.158427398893686,False
2024-06-19,2024-06-20,-0.9709013375641007,-1.053838952948709,-1.1248856033444765,33.58150311883501,False
2024-06-20,2024-06-21,-1.053838952948709,-1.260216568333334,-0.9013450107746594,33.80504371140482,False
2024-06-21,2024-06-22,-1.260216568333334,-2.3694157606410187,-1.1007815782433974,33.60560714393608,False
2024-06-22,2024-06-23,-2.3694157606410187,-2.3303446837179465,-2.2203349397806686,32.48605378239881,False
2024-06-23,2024-06-24,-2.3303446837179465,-1.5968841067948674,-1.9586144453482985,32.74777427683119,False
2024-06-24,2024-06-25,-1.5968841067948674,-1.0936492221794794,-1.1989158544865761,33.507472867692904,False
2024-06-25,2024-06-26,-1.0936492221794794,-0.8162455683333292,-0.8183708310722513,33.88801789110723,False
2024-06-26,2024-06-27,-0.8162455683333292,-2.4402706452564047,-0.6282937254470023,34.07809499673248,False
2024-06-27,2024-06-28,-2.4402706452564047,-3.8536905683333273,-2.3828689215317302,32.32351980064775,False
2024-06-28,2024-06-29,-3.8536905683333273,-2.9395543375641005,-3.5385041288008936,31.167884593378588,False
2024-06-29,2024-06-30,-2.9395543375641005,-3.956344991410255,-2.300564939108922,32.40582378307056,False
2024-06-30,2024-07-01,-3.956344991410255,0.45318873349875943,-3.5465140362650422,26.759139037928506,False
2024-07-01,2024-07-02,0.45318873349875943,0.23889173349876458,1.2699671087082678,31.575620182901815,False
2024-07-02,2024-07-03,0.23889173349876458,2.2084501950372193,0.1678098566087617,30.47346293080231,False
2024-07-03,2024-07-04,2.2084501950372193,1.504472464267991,2.2713795164625106,32.57703259065606,False
2024-07-04,2024-07-05,1.504472464267991,1.1893527719602979,1.1426206216774824,31.44827369587103,False
2024-07-05,2024-07-06,1.1893527719602979,0.9447175027295316,0.9530453978494425,31.25869847204299,False
2024-07-06,2024-07-07,0.9447175027295316,0.38061338734491557,0.7598034090355403,31.065456483229088,False
2024-07-07,2024-07-08,0.38061338734491557,0.3943345411910677,0.21824285635448526,30.523895930548033,False
2024-07-08,2024-07-09,0.3943345411910677,-0.006225381885855086,0.34491136934031524,30.650564443533863,False
2024-07-09,2024-07-10,-0.006225381885855086,1.4066774258064534,-0.07695781509571176,30.228695259097837,False
2024-07-10,2024-07-11,1.4066774258064534,1.311934118114145,1.481223490478617,31.786876564672163,False
2024-07-11,2024-07-12,1.311934118114145,0.23997054119106664,1.1007825236706006,31.406435597864146,False
2024-07-12,2024-07-13,0.23997054119106664,-0.7772219588089335,-0.002034251986767644,30.30361882220678,False
2024-07-13,2024-07-14,-0.7772219588089335,-1.045572920347393,-0.8529788914374855,29.452674182756063,False
2024-07-14,2024-07-15,-1.045572920347393,-0.8782546895781635,-0.9312564406038366,29.37439663358971,False
2024-07-15,2024-07-16,-0.8782546895781635,-0.28359080496277755,-0.7027505559170788,29.60290251827647,False
2024-07-16,2024-07-17,-0.28359080496277755,-1.0507327280397014,-0.11381938372962945,30.191833690463916,False
2024-07-17,2024-07-18,-1.0507327280397014,-0.6687875741935478,-1.0349356442636681,29.270717429929878,False
2024-07-18,2024-07-19,-0.6687875741935478,-0.93170376650124,-0.4825413386922501,29.823111735501296,False
2024-07-19,2024-07-20,-0.93170376650124,-2.596998535732009,-0.8336950630442865,29.471958011149262,False
2024-07-20,2024-07-21,-2.596998535732009,-1.8113428434243133,-2.523878351760589,27.781774722432957,False
2024-07-21,2024-07-22,-1.8113428434243133,-2.4590086511166263,-1.370231128648711,28.935421945544835,False
2024-07-22,2024-07-23,-2.4590086511166263,-2.592859458808931,-2.204355876632116,28.10129719756143,False
2024-07-23,2024-07-24,-2.592859458808931,-3.448503343424317,-2.215466698615358,28.090186375578188,False
2024-07-24,2024-07-25,-3.448503343424317,-3.574860304962776,-3.084145009985965,27.221508064207583,False
2024-07-25,2024-07-26,-3.574860304962776,-2.2201479972704696,-3.0460067847706314,27.259646289422914,False
2024-07-26,2024-07-27,-2.2201479972704696,-2.364451112655086,-1.6033075464278927,28.702345527765655,False
2024-07-27,2024-07-28,-2.364451112655086,-2.921971189578162,-2.0240213303896,28.281631743803946,False
2024-07-28,2024-07-29,-2.921971189578162,-2.4169120741935473,-2.5786682371391554,27.726984837054392,False
2024-07-29,2024-07-30,-2.4169120741935473,-0.10317338188585623,-1.9391850244583562,28.36646804973519,False
2024-07-30,2024-07-31,-0.10317338188585623,-0.06258084342431403,0.38130640839158403,30.68695948258513,False
2024-07-31,2024-08-01,-0.06258084342431403,-0.8006865743176164,-0.036875026241995776,29.853993740383313,False
2024-08-01,2024-08-02,-0.8006865743176164,-1.0456813050868483,-0.8172949308406321,29.07357383578468,False
2024-08-02,2024-08-03,-1.0456813050868483,-1.646008305086852,-0.9266981361059072,28.9641706305194,False
2024-08-03,2024-08-04,-1.646008305086852,-1.9354658050868494,-1.5060899747480643,28.384778791877245,False
2024-08-04,2024-08-05,-1.9354658050868494,0.12785657952853668,-1.6894492957093785,28.20141947091593,False
2024-08-05,2024-08-06,0.12785657952853668,-0.30311145893300306,0.5271971026976379,30.418065869322948,False
2024-08-06,2024-08-07,-0.30311145893300306,-1.3573984973945414,-0.3345583182034318,29.55631044842188,False
2024-08-07,2024-08-08,-1.3573984973945414,-0.7349761512406943,-1.3519376722478598,28.53893109437745,False
2024-08-08,2024-08-09,-0.7349761512406943,-0.5263321512406947,-0.490743661230768,29.400125105394544,False
2024-08-09,2024-08-10,-0.5263321512406947,-0.4144069973945399,-0.39634496158208,29.49452380504323,False
2024-08-10,2024-08-11,-0.4144069973945399,0.29349727183622676,-0.32076909858818414,29.570099668037127,False
2024-08-11,2024-08-12,0.29349727183622676,1.0940048487593046,0.39768294685672284,30.288551713482033,False
2024-08-12,2024-08-13,1.0940048487593046,2.3593864256823807,1.0943759350478053,30.985244701673114,False
2024-08-13,2024-08-14,2.3593864256823807,2.3618056949131514,2.259066188034113,32.14993495465942,False
2024-08-14,2024-08-15,2.3618056949131514,1.8670670026054594,2.009664985753021,31.90053375237833,False
2024-08-15,2024-08-16,1.8670670026054594,1.6376855795285366,1.4914993095363738,31.382368076161683,False
2024-08-16,2024-08-17,1.6376855795285366,0.9079653872208411,1.3499800816213907,31.2408488482467,False
2024-08-17,2024-08-18,0.9079653872208411,2.7453485026054594,0.6320854177062397,30.52295418433155,False
2024-08-18,2024-08-19,2.7453485026054594,2.070557425682381,2.6999684194788576,32.59083718610417,False
2024-08-19,2024-08-20,2.070557425682381,1.2689236564516158,1.6280654266201664,31.518934193245478,False
2024-08-20,2024-08-21,1.2689236564516158,2.1880825795285332,0.9236013038016248,30.814470070426935,False
2024-08-21,2024-08-22,2.1880825795285332,2.050962771836229,2.044991828030816,31.935860594656127,False
2024-08-22,2024-08-23,2.050962771836229,0.7453955410669977,1.7185115313050248,31.609380297930336,False
2024-08-23,2024-08-24,0.7453955410669977,-2.088818612779157,0.3796938783166077,30.27056264494192,False
2024-08-24,2024-08-25,-2.088818612779157,-2.345453805086848,-2.3260338390093724,27.564834927615937,False
2024-08-25,2024-08-26,-2.345453805086848,-0.6926551127791569,-2.030290135677756,27.860578630947554,False
2024-08-26,2024-08-27,-0.6926551127791569,0.4245120026054572,-0.24974176448667684,29.64112700213863,False
2024-08-27,2024-08-28,0.4245120026054572,0.7115258487593081,0.5901721097384663,30.481040876363778,False
2024-08-28,2024-08-29,0.7115258487593081,1.1366225410669983,0.6680735362162027,30.558942302841512,False
2024-08-29,2024-08-30,1.1366225410669983,0.859931041067,1.0557422741178624,30.94661104074317,False
2024-08-30,2024-08-31,0.859931041067,0.15510254106699506,0.6815830541016606,30.57245182072697,False
2024-08-31,2024-09-01,0.15510254106699506,-2.7300262530769253,-0.0008462172947659961,30.8257970742437,False
2024-09-01,2024-09-02,-2.7300262530769253,-3.5613057146153864,-2.879454731058054,27.94718856048041,False
2024-09-02,2024-09-03,-3.5613057146153864,-2.201888406923082,-3.1748696151264686,27.651773676411995,False
2024-09-03,2024-09-04,-2.201888406923082,-1.000049060769232,-1.5868997683284602,29.239743523210002,False
2024-09-04,2024-09-05,-1.000049060769232,-0.429213483846155,-0.5999755576544976,30.226667733883964,False
2024-09-05,2024-09-06,-0.429213483846155,-0.5400686376923076,-0.24194704953270318,30.58469624200576,False
2024-09-06,2024-09-07,-0.5400686376923076,-0.32016894538461926,-0.47159471554688803,30.355048575991574,False
2024-09-07,2024-09-08,-0.32016894538461926,-0.3233872146153871,-0.21942552983214164,30.607217761706323,False
2024-09-08,2024-09-09,-0.3233872146153871,-0.6927094453846188,-0.2665742530074982,30.560069038530965,False
2024-09-09,2024-09-10,-0.6927094453846188,-1.4454079453846198,-0.6523844079847924,30.17425888355367,False
2024-09-10,2024-09-11,-1.4454079453846198,-0.9380645992307741,-1.3664613984717817,29.460181893066682,False
2024-09-11,2024-09-12,-0.9380645992307741,-0.6349656376923107,-0.6857287314947779,30.140914560043687,False
2024-09-12,2024-09-13,-0.6349656376923107,0.047723093076921685,-0.46958258340529224,30.357060708133172,False
2024-09-13,2024-09-14,0.047723093076921685,0.00015470846153675666,0.18442248051424687,31.01106577205271,False
2024-09-14,2024-09-15,0.00015470846153675666,-0.5619061761538511,-0.0012727996602216532,30.825370491878243,False
2024-09-15,2024-09-16,-0.5619061761538511,0.5306721315384593,-0.5799306287723563,30.246712662766107,False
2024-09-16,2024-09-17,0.5306721315384593,0.4005395930769211,0.6752241854611214,31.501867476999585,False
2024-09-17,2024-09-18,0.4005395930769211,0.5104618238461498,0.32152807621933016,31.148171367757794,False
2024-09-18,2024-09-19,0.5104618238461498,1.5855954392307687,0.46245724750839523,31.28910053904686,False
2024-09-19,2024-09-20,1.5855954392307687,2.0572365161538464,1.565569017726617,32.39221230926508,False
2024-09-20,2024-09-21,2.0572365161538464,1.7021868623076948,1.8450291486251797,32.67167244016364,False
2024-09-21,2024-09-22,1.7021868623076948,1.3469179007692311,1.3796108182561966,32.206254109794656,False
2024-09-22,2024-09-23,1.3469179007692311,1.6280972469230726,1.0785539989012574,31.90519729043972,False
2024-09-23,2024-09-24,1.6280972469230726,0.22254274692307163,1.4435067689251386,32.2701500604636,False
2024-09-24,2024-09-25,0.22254274692307163,-0.725183406923076,-0.08321720410230725,30.743426087436156,False
2024-09-25,2024-09-26,-0.725183406923076,-1.2727507530769238,-0.7950570535970632,30.0315862379414,False
2024-09-26,2024-09-27,-1.2727507530769238,-1.0525904069230805,-1.179331154692219,29.647312136846246,False
2024-09-27,2024-09-28,-1.0525904069230805,-0.45665371461538484,-0.8399414847648101,29.986701806773652,False
2024-09-28,2024-09-29,-0.45665371461538484,1.2424440161538435,-0.2601991385821741,30.56644415295629,False
2024-09-29,2024-09-30,1.2424440161538435,1.9650006699999985,1.3990517288389681,32.22569502037743,False
2024-09-30,2024-10-01,1.9650006699999985,1.1334475163771742,1.8168356749079735,34.302904773915415,False
2024-10-01,2024-10-02,1.1334475163771742,1.347715093300252,0.8028579119811217,33.288927010988566,False
2024-10-02,2024-10-03,1.347715093300252,0.6735967086848618,1.192622011417058,33.6786911104245,False
2024-10-03,2024-10-04,0.6735967086848618,0.6534896317617864,0.44457905871387937,32.93064815772132,False
2024-10-04,2024-10-05,0.6534896317617864,0.3356686317617843,0.5577538568457846,33.04382295585323,False
2024-10-05,2024-10-06,0.3356686317617843,0.60598782406948,0.22919598817649073,32.71526508718394,False
2024-10-06,2024-10-07,0.60598782406948,1.3394768240694788,0.5753291778443533,33.0613982768518,False
2024-10-07,2024-10-08,1.3394768240694788,0.5506412086848655,1.2890168870659802,33.77508598607343,False
2024-10-08,2024-10-09,0.5506412086848655,-0.4113361374689859,0.31756125580451067,32.80363035481196,False
2024-10-09,2024-10-10,-0.4113361374689859,-0.8222355605459057,-0.5319771286626381,31.954091970344805,False
2024-10-10,2024-10-11,-0.8222355605459057,-0.939560252853596,-0.7704074734739316,31.715661625533514,False
2024-10-11,2024-10-12,-0.939560252853596,-0.5917057528535992,-0.8113650104413231,31.67470408856612,False
2024-10-12,2024-10-13,-0.5917057528535992,0.038365285607945054,-0.42401858420010724,32.06205051480734,False
2024-10-13,2024-10-14,0.038365285607945054,0.08815767022332466,0.1660177914523272,32.65208689045977,False
2024-10-14,2024-10-15,0.08815767022332466,-0.180477406699751,0.0926747253472223,32.57874382435467,False
2024-10-15,2024-10-16,-0.180477406699751,-0.3192300605459053,-0.19833276089545654,32.28773633811199,False
2024-10-16,2024-10-17,-0.3192300605459053,-0.6619907143920614,-0.29003635139010214,32.196032747617345,False
2024-10-17,2024-10-18,-0.6619907143920614,0.09312601637716966,-0.6210686570876983,31.865000441919747,False
2024-10-18,2024-10-19,0.09312601637716966,0.17422378560794272,0.23731172076249318,32.723380819769936,False
2024-10-19,2024-10-20,0.17422378560794272,-1.2735112143920588,0.1718298177992656,32.65789891680671,False
2024-10-20,2024-10-21,-1.2735112143920588,-0.8086437143920584,-1.3591954469004783,31.126873652106966,False
2024-10-21,2024-10-22,-0.8086437143920584,-0.2352191759305171,-0.5845294670618506,31.901539631945592,False
2024-10-22,2024-10-23,-0.2352191759305171,0.11027374714640104,-0.07706362467374876,32.409005474333696,False
2024-10-23,2024-10-24,0.11027374714640104,-0.02254009900744336,0.1702861451689453,32.65635524417639,False
2024-10-24,2024-10-25,-0.02254009900744336,-0.07100048362283218,-0.03747375989137357,32.44859533911607,False
2024-10-25,2024-10-26,-0.07100048362283218,0.5690956702233265,-0.06173893893416338,32.42433016007328,False
2024-10-26,2024-10-27,0.5690956702233265,0.6295159009925584,0.6176922943054204,33.103761393312865,False
2024-10-27,2024-10-28,0.6295159009925584,0.5276574009925596,0.5534740171350542,33.0395431161425,False
2024-10-28,2024-10-29,0.5276574009925596,0.6336077471463994,0.4348620177570969,32.92093111676454,False
2024-10-29,2024-10-30,0.6336077471463994,0.6566634009925565,0.5660058399028427,33.05207493891029,False
2024-10-30,2024-10-31,0.6566634009925565,0.9363260548387089,0.569036471848783,33.05510557085623,False
2024-10-31,2024-11-01,0.9363260548387089,1.953948106282052,0.8570792109953878,32.33271037394411,False
2024-11-01,2024-11-02,1.953948106282052,1.839414298589741,1.8662174334972543,33.34184859644597,False
2024-11-02,2024-11-03,1.839414298589741,1.5205283755128143,1.5437670096280778,33.0193981725768,False
2024-11-03,2024-11-04,1.5205283755128143,1.06010306782051,1.2328948322336266,32.70852599518235,False
2024-11-04,2024-11-05,1.06010306782051,1.3266962601282053,0.8146045948439398,32.29023575779266,False
2024-11-05,2024-11-06,1.3266962601282053,1.4319729524358955,1.1852309545759219,32.660862117524644,False
2024-11-06,2024-11-07,1.4319729524358955,0.9991843755128151,1.2423125448474597,32.71794370779618,False
2024-11-07,2024-11-08,0.9991843755128151,0.9184904139743573,0.7684916242995775,32.244122787248294,False
2024-11-08,2024-11-09,0.9184904139743573,0.8534835293589786,0.7702217497665862,32.24585291271531,False
2024-11-09,2024-11-10,0.8534835293589786,0.27992641397435847,0.7182657948582071,32.19389695780693,False
2024-11-10,2024-11-11,0.27992641397435847,0.3071299908974332,0.13105049445024147,31.606681657398962,False
2024-11-11,2024-11-12,0.3071299908974332,0.11920056782051347,0.2737087836577462,31.749339946606465,False
2024-11-12,2024-11-13,0.11920056782051347,0.4563197985897425,0.07164731713520431,31.547278480083925,False
2024-11-13,2024-11-14,0.4563197985897425,0.5247842601282038,0.4618177209477699,31.93744888389649,False
2024-11-14,2024-11-15,0.5247842601282038,0.08391579858974296,0.4663383117498217,31.941969474698542,False
2024-11-15,2024-11-16,0.08391579858974296,0.11983391397435739,-0.008608052054304243,31.467023110894417,False
2024-11-16,2024-11-17,0.11983391397435739,-0.2092177783333362,0.11675113635275092,31.59238229930147,False
2024-11-17,2024-11-18,-0.2092177783333362,-0.9711241244871829,-0.2347126924168585,31.24091847053186,False
2024-11-18,2024-11-19,-0.9711241244871829,-1.4000148937179517,-0.9664422881172168,30.5091888748315,False
2024-11-19,2024-11-20,-1.4000148937179517,-1.8004337783333355,-1.2635317710549439,30.212099391893776,False
2024-11-20,2024-11-21,-1.8004337783333355,-2.0007832783333335,-1.5971310202380027,29.878500142710717,False
2024-11-21,2024-11-22,-2.0007832783333335,-1.9785938552564133,-1.7270505795221345,29.748580583426584,False
2024-11-22,2024-11-23,-1.9785938552564133,-1.961886586025642,-1.6639432150050248,29.811687947943696,False
2024-11-23,2024-11-24,-1.961886586025642,-2.093401624487182,-1.6508789150477228,29.824752247900996,False
2024-11-24,2024-11-25,-2.093401624487182,-2.371955124487183,-1.7918197984458215,29.683811364502898,False
2024-11-25,2024-11-26,-2.371955124487183,-2.196829316794876,-2.057108090451922,29.418523072496797,False
2024-11-26,2024-11-27,-2.196829316794876,-2.2154869706410274,-1.8184012371803038,29.657229925768416,False
2024-11-27,2024-11-28,-2.2154869706410274,-2.733479162948722,-1.8727910922527131,29.602840070696008,False
2024-11-28,2024-11-29,-2.733479162948722,-2.264444816794871,-2.411092399125204,29.064538763823514,False
2024-11-29,2024-11-30,-2.264444816794871,-2.4559982398717963,-1.8171745880721555,29.658456574876563,False
2024-11-30,2024-12-01,-2.4559982398717963,-0.6880524946650155,-2.1109949616990917,27.654326802196692,False
2024-12-01,2024-12-02,-0.6880524946650155,-0.3684422254342472,-0.22291670531108504,29.5424050585847,False
2024-12-02,2024-12-03,-0.3684422254342472,0.17013588995036955,-0.2404746350171637,29.52484712887862,False
2024-12-03,2024-12-04,0.17013588995036955,1.1685893514888335,0.25944881782685053,30.024770581722635,False
2024-12-04,2024-12-05,1.1685893514888335,2.163752813027294,1.1969803502963978,30.96230211419218,False
2024-12-05,2024-12-06,2.163752813027294,1.396365697642679,2.0395098592882,31.804831623183983,False
2024-12-06,2024-12-07,1.396365697642679,1.4408854284119101,1.0383990875797515,30.803720851475536,False
2024-12-07,2024-12-08,1.4408854284119101,0.621535851488833,1.2377674486571424,31.003089212552926,False
2024-12-08,2024-12-09,0.621535851488833,-0.3720293792803986,0.37155382838671264,30.136875592282497,False
2024-12-09,2024-12-10,-0.3720293792803986,-0.9769876485111695,-0.5049622303499123,29.260359533545873,False
2024-12-10,2024-12-11,-0.9769876485111695,-0.18978564851116886,-0.9401625821063297,28.825159181789456,False
2024-12-11,2024-12-12,-0.18978564851116886,-0.49551561004962963,0.003993687739904971,29.769315451635688,False
2024-12-12,2024-12-13,-0.49551561004962963,-1.2901254562034765,-0.4726445524431005,29.292677211452684,False
2024-12-13,2024-12-14,-1.2901254562034765,-0.9437356869727083,-1.2432376607495739,28.52208410314621,False
2024-12-14,2024-12-15,-0.9437356869727083,-0.3255618023573206,-0.7225789914809171,29.04274277241487,False
2024-12-15,2024-12-16,-0.3255618023573206,-0.25200284081886437,-0.1446999213610039,29.62062184253478,False
2024-12-16,2024-12-17,-0.25200284081886437,0.4955030437965213,-0.1908054703817043,29.57451629351408,False
2024-12-17,2024-12-18,0.4955030437965213,0.6991488514888324,0.5767234236354398,30.342045187531223,False
2024-12-18,2024-12-19,0.6991488514888324,0.7668555053349841,0.640988463301218,30.406310227197004,False
2024-12-19,2024-12-20,0.7668555053349841,0.6336563130272914,0.6712901527457918,30.436611916641574,False
2024-12-20,2024-12-21,0.6336563130272914,0.12421346687344936,0.5184332226056995,30.283754986501485,False
2024-12-21,2024-12-22,0.12421346687344936,-0.6952069177419382,0.01188255508427843,29.77720431898006,False
2024-12-22,2024-12-23,-0.6952069177419382,-0.9774731100496297,-0.744113308258898,29.021208455636888,False
2024-12-23,2024-12-24,-0.9774731100496297,-0.6933006869727052,-0.876327136195774,28.88899462770001,False
2024-12-24,2024-12-25,-0.6933006869727052,-0.8424318792804009,-0.522777048904605,29.24254471499118,False
2024-12-25,2024-12-26,-0.8424318792804009,-0.6924693408188602,-0.7354023976956457,29.02991936620014,False
2024-12-26,2024-12-27,-0.6924693408188602,-0.8475956485111702,-0.5487933430372647,29.21652842085852,False
2024-12-27,2024-12-28,-0.8475956485111702,-0.0608424946650139,-0.7409711734802154,29.02435059041557,False
2024-12-28,2024-12-29,-0.0608424946650139,-0.205721686972705,0.1131555954318644,29.878477359327647,False
2024-12-29,2024-12-30,-0.205721686972705,0.11931112071960115,-0.19508246914811916,29.570239294747665,False
