lat,lon,max_temp_C
8.5,73.5,33.08836
8.5,76.5,32.2606
8.5,77.5,34.276608
8.5,78.5,35.032764
9.5,76.5,32.94964
9.5,77.5,33.1501
9.5,78.5,34.799408
9.5,79.5,36.435444
10.5,75.5,31.563276
10.5,76.5,30.4257
10.5,77.5,32.185562
10.5,78.5,36.12734
10.5,79.5,37.007668
11.5,72.5,32.74791
11.5,75.5,31.435629
11.5,76.5,31.434298
11.5,77.5,31.877777
11.5,78.5,38.075935
11.5,79.5,37.13042
12.5,74.5,32.045826
12.5,75.5,32.098347
12.5,76.5,30.46282
12.5,77.5,33.433174
12.5,78.5,37.067364
12.5,79.5,37.553482
12.5,80.5,37.182667
13.5,74.5,32.215347
13.5,75.5,31.983364
13.5,76.5,33.37418
13.5,77.5,34.43077
13.5,78.5,36.689568
13.5,79.5,37.922672
13.5,80.5,38.174862
14.5,74.5,33.076332
14.5,75.5,33.77516
14.5,76.5,34.551216
14.5,77.5,36.983707
14.5,78.5,38.246483
14.5,79.5,37.903927
14.5,80.5,37.387856
15.5,73.5,33.174873
15.5,74.5,33.23367
15.5,75.5,35.271503
15.5,76.5,36.902878
15.5,77.5,38.27704
15.5,78.5,39.341633
15.5,79.5,38.111103
15.5,80.5,36.76271
16.5,73.5,33.778404
16.5,74.5,34.667244
16.5,75.5,36.24051
16.5,76.5,37.951916
16.5,77.5,38.86192
16.5,78.5,39.15936
16.5,79.5,38.267727
16.5,80.5,36.831463
16.5,81.5,36.39325
16.5,82.5,35.71266
17.5,73.5,34.9582
17.5,74.5,36.683987
17.5,75.5,37.37339
17.5,76.5,39.172047
17.5,77.5,39.27839
17.5,78.5,39.078682
17.5,79.5,39.367924
17.5,80.5,37.684204
17.5,81.5,36.13211
17.5,82.5,34.72828
17.5,83.5,34.55376
18.5,72.5,35.103695
18.5,73.5,36.449062
18.5,74.5,37.316467
18.5,75.5,39.097004
18.5,76.5,40.00798
18.5,77.5,39.47679
18.5,78.5,40.071465
18.5,79.5,39.281685
18.5,80.5,38.296818
18.5,81.5,36.3486
18.5,82.5,35.815746
18.5,83.5,35.381523
18.5,84.5,35.39714
19.5,72.5,35.94423
19.5,73.5,37.261784
19.5,74.5,40.393276
19.5,75.5,40.704185
19.5,76.5,40.939453
19.5,77.5,41.601753
19.5,78.5,41.377968
19.5,79.5,40.882874
19.5,80.5,39.505264
19.5,81.5,39.017117
19.5,82.5,36.489258
19.5,83.5,36.70533
19.5,84.5,36.71403
19.5,85.5,34.826115
20.5,70.5,37.32602
20.5,71.5,37.815155
20.5,72.5,38.00238
20.5,73.5,38.064194
20.5,74.5,39.41005
20.5,75.5,41.16098
20.5,76.5,41.858734
20.5,77.5,41.63987
20.5,78.5,41.735237
20.5,79.5,40.970123
20.5,80.5,40.727413
20.5,81.5,39.444603
20.5,82.5,39.702274
20.5,83.5,39.329487
20.5,84.5,37.240417
20.5,85.5,34.83551
20.5,86.5,34.488632
21.5,69.5,37.462273
21.5,70.5,37.49618
21.5,71.5,38.94565
21.5,72.5,39.29609
21.5,73.5,39.277084
21.5,74.5,39.81562
21.5,75.5,41.621784
21.5,76.5,41.987858
21.5,77.5,41.57419
21.5,78.5,40.558792
21.5,79.5,40.37812
21.5,80.5,40.14151
21.5,81.5,39.74048
21.5,82.5,39.812874
21.5,83.5,38.93784
21.5,84.5,37.27778
21.5,85.5,35.88821
21.5,86.5,33.73298
21.5,87.5,32.846786
21.5,88.5,32.06956
22.5,69.5,38.166027
22.5,70.5,38.35464
22.5,71.5,40.437065
22.5,72.5,40.715637
22.5,73.5,39.929108
22.5,74.5,40.110886
22.5,75.5,40.855278
22.5,76.5,41.244286
22.5,77.5,40.693233
22.5,78.5,40.04755
22.5,79.5,39.813007
22.5,80.5,39.771732
22.5,81.5,39.103672
22.5,82.5,37.929
22.5,83.5,37.41563
22.5,84.5,35.622246
22.5,85.5,34.29084
22.5,86.5,34.18517
22.5,87.5,32.50323
22.5,88.5,32.03009
22.5,92.5,30.173641
23.5,68.5,38.28479
23.5,69.5,38.906563
23.5,70.5,38.913963
23.5,71.5,40.207138
23.5,72.5,39.476963
23.5,73.5,39.49013
23.5,74.5,40.18267
23.5,75.5,40.81368
23.5,76.5,41.535114
23.5,77.5,40.8307
23.5,78.5,39.727688
23.5,79.5,39.323425
23.5,80.5,38.864273
23.5,81.5,37.221016
23.5,82.5,37.02853
23.5,83.5,36.180946
23.5,84.5,34.272335
23.5,85.5,33.748444
23.5,86.5,33.68355
23.5,87.5,32.968533
23.5,88.5,32.67138
23.5,91.5,29.601416
23.5,92.5,29.136938
23.5,93.5,31.45607
24.5,68.5,38.566757
24.5,69.5,38.62343
24.5,70.5,39.149315
24.5,71.5,39.96836
24.5,72.5,40.09223
24.5,73.5,39.653816
24.5,74.5,39.94919
24.5,75.5,40.3263
24.5,76.5,40.542755
24.5,77.5,40.570507
24.5,78.5,40.163483
24.5,79.5,39.094856
24.5,80.5,37.601944
24.5,81.5,36.834316
24.5,82.5,35.71565
24.5,83.5,34.37796
24.5,84.5,33.928844
24.5,85.5,32.215748
24.5,86.5,30.88845
24.5,87.5,32.116985
24.5,88.5,31.378399
24.5,91.5,28.782885
24.5,92.5,30.186893
24.5,93.5,30.882042
24.5,94.5,31.015427
25.5,70.5,40.173073
25.5,71.5,40.121193
25.5,72.5,40.155846
25.5,73.5,39.35021
25.5,74.5,40.34366
25.5,75.5,40.152565
25.5,76.5,40.884037
25.5,77.5,40.37959
25.5,78.5,40.109
25.5,79.5,37.40037
25.5,80.5,36.525925
25.5,81.5,33.963272
25.5,82.5,32.92109
25.5,83.5,33.612244
25.5,84.5,32.580395
25.5,85.5,31.860207
25.5,86.5,31.427242
25.5,87.5,29.749895
25.5,88.5,29.803234
25.5,90.5,28.16376
25.5,91.5,28.150232
25.5,92.5,29.03548
25.5,93.5,30.043148
25.5,94.5,30.546782
26.5,70.5,40.32194
26.5,71.5,40.193283
26.5,72.5,39.999565
26.5,73.5,40.20397
26.5,74.5,41.405117
26.5,75.5,41.0961
26.5,76.5,41.10268
26.5,77.5,40.734787
26.5,78.5,37.73619
26.5,79.5,34.71711
26.5,80.5,33.472363
26.5,81.5,32.59766
26.5,82.5,32.0258
26.5,83.5,31.05471
26.5,84.5,30.803036
26.5,85.5,30.883831
26.5,86.5,28.25552
26.5,87.5,24.523113
26.5,88.5,23.722342
26.5,89.5,24.119995
26.5,90.5,25.081861
26.5,91.5,27.486938
26.5,92.5,29.870163
26.5,93.5,30.383621
26.5,94.5,30.912504
26.5,95.5,31.116222
27.5,69.5,40.267223
27.5,70.5,40.632324
27.5,71.5,40.655884
27.5,72.5,41.816826
27.5,73.5,41.510277
27.5,74.5,42.01396
27.5,75.5,41.056015
27.5,76.5,40.199112
27.5,77.5,39.366936
27.5,78.5,37.126427
27.5,79.5,34.91798
27.5,80.5,32.800026
27.5,81.5,31.670065
27.5,82.5,30.95182
27.5,83.5,30.715433
27.5,84.5,29.627476
27.5,88.5,23.741177
27.5,89.5,24.10401
27.5,90.5,25.248888
27.5,91.5,26.700048
27.5,92.5,28.723476
27.5,93.5,29.411007
27.5,94.5,31.130976
27.5,95.5,31.791
27.5,96.5,32.901
27.5,97.5,32.17248
28.5,70.5,41.17058
28.5,71.5,41.76543
28.5,72.5,41.751545
28.5,73.5,41.747707
28.5,74.5,41.588097
28.5,75.5,41.174896
28.5,76.5,40.43521
28.5,77.5,38.462307
28.5,78.5,37.819115
28.5,79.5,32.912144
28.5,80.5,31.70792
28.5,81.5,29.864035
28.5,88.5,23.993254
28.5,91.5,26.246185
28.5,92.5,28.807238
28.5,93.5,28.841799
28.5,94.5,31.14215
28.5,95.5,31.346792
28.5,96.5,32.592213
29.5,72.5,41.42252
29.5,73.5,41.386696
29.5,74.5,41.137585
29.5,75.5,40.47106
29.5,76.5,39.115543
29.5,77.5,35.674328
29.5,78.5,34.53818
29.5,79.5,32.839493
29.5,80.5,32.408768
29.5,94.5,32.686783
29.5,95.5,32.963417
29.5,96.5,32.86212
30.5,73.5,40.12558
30.5,74.5,39.665146
30.5,75.5,37.11034
30.5,76.5,35.267227
30.5,77.5,34.333454
30.5,78.5,32.58766
30.5,79.5,32.919945
30.5,80.5,32.812157
31.5,74.5,33.04073
31.5,75.5,32.03421
31.5,76.5,31.607132
31.5,77.5,31.7759
31.5,78.5,30.560682
31.5,79.5,30.101952
32.5,74.5,26.872456
32.5,75.5,25.540834
32.5,76.5,27.389437
32.5,77.5,29.241245
32.5,78.5,31.150322
32.5,79.5,30.20104
33.5,73.5,26.378971
33.5,74.5,24.995491
33.5,75.5,25.083435
33.5,76.5,24.758114
33.5,77.5,24.823288
33.5,78.5,26.040104
33.5,79.5,27.17676
34.5,73.5,23.904858
34.5,74.5,24.194977
34.5,75.5,24.53855
34.5,76.5,24.566206
34.5,77.5,24.6738
34.5,78.5,23.560747
34.5,79.5,23.093344
35.5,73.5,23.579147
35.5,74.5,23.88871
35.5,75.5,23.946516
35.5,76.5,24.186348
35.5,77.5,24.280312
35.5,78.5,22.664557
35.5,79.5,20.583055
36.5,72.5,20.412397
36.5,73.5,20.385618
36.5,74.5,20.383469
36.5,75.5,21.87398
